,0,1,2,3,4,5,6,7,8,9,10,11,12,13,14,15,16,17,18,19,20
0,0.9953035,3.930941e-06,3.6301667e-06,3.6464695e-05,3.5266065e-05,4.9495e-06,9.710847e-06,7.832778e-05,3.2069995e-05,4.2188993e-05,2.4413812e-05,4.6593615e-07,0.00047403816,5.8688433e-06,3.0991941e-06,0.0038838019,1.36870985e-05,6.680465e-06,6.562684e-06,4.627789e-06,2.69638e-05
1,0.990642,7.2979165e-06,5.5825435e-06,7.055615e-05,5.8527185e-05,7.949694e-06,1.9452205e-05,0.00014202259,5.5195713e-05,7.04618e-05,4.8594095e-05,9.032163e-07,0.0008812124,1.3081905e-05,5.213905e-06,0.007873021,2.3286902e-05,1.2581478e-05,1.2413417e-05,8.66017e-06,4.1968022e-05
2,0.9955363,3.2008875e-06,2.67826e-06,3.1298106e-05,2.3884346e-05,3.9540387e-06,8.358248e-06,6.786623e-05,2.4797095e-05,3.48273e-05,2.0217522e-05,3.5686605e-07,0.00040296922,4.8869697e-06,2.6446928e-06,0.0037831075,1.1010646e-05,5.518246e-06,5.779417e-06,3.483545e-06,2.3022183e-05
3,0.98290414,1.8193898e-05,1.2477834e-05,0.000117670286,0.00015313955,1.3899311e-05,4.9787355e-05,0.000499452,0.00015390439,0.00017376435,0.00012807216,2.8133356e-06,0.0022005655,3.1096108e-05,1.4112755e-05,0.0133056175,4.2862037e-05,3.578741e-05,3.7454127e-05,2.5228308e-05,8.0198035e-05
4,0.96087027,5.2119038e-05,2.816568e-05,0.00032051187,0.00043616412,3.06773e-05,0.0001368227,0.0012280057,0.00036285122,0.0003646772,0.00034816476,7.635149e-06,0.0053290348,9.109212e-05,3.4971687e-05,0.029823044,0.00010070966,8.735957e-05,9.979356e-05,7.517598e-05,0.00017258014
5,0.99993956,2.1525004e-07,2.2265262e-07,1.5104135e-06,3.5058401e-06,2.0355454e-07,2.785877e-07,3.2022176e-06,9.586802e-07,2.0852058e-06,4.6490234e-07,2.5549788e-08,8.097373e-06,1.0276944e-07,9.84471e-08,3.5774683e-05,1.4663897e-06,3.4231599e-07,2.920014e-07,1.1966115e-07,1.6018838e-06
6,0.99753225,3.0527099e-06,2.9223934e-06,1.9932177e-05,3.241504e-05,3.0417077e-06,6.4808805e-06,6.506212e-05,2.4395435e-05,3.4819634e-05,1.5935268e-05,3.5469358e-07,0.00029916991,3.427851e-06,2.3005648e-06,0.0019096497,8.937638e-06,4.770674e-06,5.4990714e-06,3.4546667e-06,2.1886997e-05
7,0.9999794,1.4451626e-07,1.5383678e-07,8.9583887e-07,5.472204e-06,1.4049687e-07,8.478853e-08,8.4981e-07,7.900014e-07,8.3288614e-07,3.126476e-07,4.3208303e-08,1.72009e-06,9.126129e-08,3.053951e-08,5.5779146e-06,1.5511336e-06,7.221983e-07,1.02251484e-07,4.7953016e-08,1.0801242e-06
8,0.9991843,7.668371e-07,8.7497824e-07,8.813233e-06,5.5597566e-06,1.2973795e-06,1.4427754e-06,1.0697821e-05,4.9143355e-06,9.42889e-06,3.5480987e-06,7.590066e-08,8.1300364e-05,8.6883585e-07,6.624578e-07,0.0006703866,4.741252e-06,1.3918534e-06,1.0984853e-06,6.874087e-07,6.9787466e-06
9,0.9996767,7.973651e-07,9.0635507e-07,3.6889764e-06,8.751102e-06,6.943502e-07,1.2268341e-06,1.097986e-05,2.9350422e-06,8.217874e-06,2.832399e-06,9.565584e-08,5.0277584e-05,5.385249e-07,5.1176596e-07,0.00021950003,3.497973e-06,1.0779238e-06,8.8422195e-07,7.3379977e-07,5.1505904e-06
10,0.9834963,1.7713073e-05,1.5000094e-05,0.000107927575,0.00016897185,1.3361605e-05,5.1227937e-05,0.00051667896,0.00015884035,0.00017344026,0.00012243113,3.0805518e-06,0.002401761,3.0307152e-05,1.4778923e-05,0.012485693,4.131796e-05,3.3824585e-05,3.7852267e-05,2.4617975e-05,8.476844e-05
11,0.9999881,3.1547174e-07,5.4483756e-08,9.917281e-07,1.6120965e-06,1.3225993e-07,9.038691e-08,1.3033932e-06,1.2950008e-07,6.572381e-07,3.056004e-07,1.7820012e-08,5.4659637e-07,6.681527e-08,3.2897777e-08,4.2079187e-06,6.193943e-07,2.94886e-07,1.44643e-07,6.0380415e-08,2.4969674e-07
12,0.999835,2.7147075e-07,2.8525386e-07,1.9587e-06,7.721546e-06,3.548062e-07,4.1747302e-07,5.663321e-06,1.4401796e-06,2.969416e-06,2.0532834e-06,5.2118207e-08,2.055632e-05,3.1042902e-07,1.8979132e-07,0.00011613717,1.5847537e-06,7.8614335e-07,4.888566e-07,3.4038763e-07,1.416415e-06
13,0.9999944,1.4419203e-07,3.884123e-08,4.2590761e-07,1.5158271e-06,4.7727987e-08,2.812422e-08,3.549098e-07,1.6351257e-07,4.8712735e-07,8.129387e-08,1.6804696e-08,2.2667311e-07,2.005972e-08,1.3538439e-08,9.920514e-07,5.747595e-07,2.0767136e-07,5.097118e-08,1.40614596e-08,3.2333648e-07
14,0.9986504,1.9756271e-06,1.685694e-06,1.2040502e-05,1.9877254e-05,1.7343507e-06,3.2228984e-06,3.3107135e-05,1.1541653e-05,2.5539674e-05,1.0416123e-05,2.2833369e-07,0.0001671254,2.012139e-06,1.2497648e-06,0.0010300428,5.5642095e-06,3.1291877e-06,3.472923e-06,2.5485135e-06,1.3209183e-05
15,0.99999106,1.4094284e-07,4.9828746e-08,5.7826145e-07,1.865891e-06,8.7096105e-08,5.708461e-08,6.9114714e-07,2.0676954e-07,4.8616874e-07,1.5962955e-07,1.755246e-08,4.8587765e-07,3.3032304e-08,2.1002537e-08,2.7448095e-06,7.367481e-07,2.472058e-07,7.2082464e-08,3.197829e-08,3.8926893e-07
16,0.99567044,4.669112e-06,4.2739825e-06,4.5684115e-05,3.6172798e-05,5.6207027e-06,9.168167e-06,8.173058e-05,3.949685e-05,5.4967106e-05,2.6701544e-05,5.38446e-07,0.0005010096,6.0194698e-06,3.4014029e-06,0.003437235,1.5360572e-05,8.00121e-06,8.0008585e-06,5.0600534e-06,3.6453483e-05
17,0.996754,3.5957353e-06,3.4574903e-06,2.8861275e-05,3.3914523e-05,3.8796165e-06,7.1294285e-06,7.018914e-05,2.7151602e-05,4.2581283e-05,2.2447173e-05,4.513395e-07,0.00037571383,4.848661e-06,2.8804452e-06,0.0025640733,1.1581467e-05,6.4476503e-06,6.4262504e-06,4.650437e-06,2.575501e-05
18,0.9999901,2.0081329e-07,5.26046e-08,6.576671e-07,1.1771068e-06,9.504756e-08,6.0685224e-08,1.0031907e-06,2.765315e-07,6.917235e-07,2.5917996e-07,2.4235428e-08,5.688752e-07,3.7050384e-08,2.9043209e-08,2.9990642e-06,7.7755953e-07,4.2606462e-07,9.4171824e-08,3.3415144e-08,3.996305e-07
19,0.9999889,2.5050693e-07,8.369066e-08,5.9640405e-07,1.7249263e-06,8.7063206e-08,7.8686114e-08,1.3187005e-06,4.5566074e-07,1.1322229e-06,1.902847e-07,3.5702666e-08,6.1738854e-07,3.9666887e-08,3.246545e-08,2.1022931e-06,1.0076539e-06,4.5541137e-07,1.14439686e-07,2.9238825e-08,7.83882e-07
20,0.99999106,1.4094284e-07,4.9828746e-08,5.7826145e-07,1.865891e-06,8.7096105e-08,5.708461e-08,6.9114714e-07,2.0676954e-07,4.8616874e-07,1.5962955e-07,1.755246e-08,4.8587765e-07,3.3032304e-08,2.1002537e-08,2.7448095e-06,7.367481e-07,2.472058e-07,7.2082464e-08,3.197829e-08,3.8926893e-07
21,0.9815037,1.5987012e-05,1.14874265e-05,0.00012907098,0.00014028758,1.46781895e-05,4.888961e-05,0.0004105675,0.00012304194,0.00015246513,0.000113166185,2.1280832e-06,0.0019408173,2.9060377e-05,1.1971993e-05,0.015156645,4.126745e-05,2.678429e-05,3.164879e-05,2.072716e-05,7.570178e-05
22,0.9999063,3.2544122e-07,2.4184737e-07,2.0537375e-06,2.105743e-06,2.825337e-07,2.5727095e-07,1.9253396e-06,8.219138e-07,3.1877903e-06,6.674934e-07,2.3497044e-08,1.42342315e-05,1.6717169e-07,1.3139011e-07,6.378653e-05,1.4527143e-06,3.2017155e-07,2.5318332e-07,1.785524e-07,1.4340064e-06
23,0.9999881,2.7302946e-07,5.196269e-08,1.0008962e-06,1.102196e-06,1.2766063e-07,8.410008e-08,1.5795323e-06,1.7754053e-07,7.0341497e-07,3.6199827e-07,1.6890292e-08,7.047317e-07,5.804214e-08,3.5477267e-08,4.699446e-06,6.3248956e-07,3.9035325e-07,1.3691599e-07,4.8111467e-08,2.3898642e-07
24,0.99463415,6.408823e-06,5.3343842e-06,4.5669265e-05,6.815176e-05,5.9747053e-06,1.5490306e-05,0.00014648084,4.7847516e-05,5.9109887e-05,4.144844e-05,7.956221e-07,0.00068277615,8.616681e-06,4.821384e-06,0.004138797,1.6522434e-05,1.10745095e-05,1.175143e-05,8.684785e-06,4.011964e-05
25,0.9759699,2.5901993e-05,1.7013466e-05,0.00016488545,0.00024380255,1.867208e-05,7.6574135e-05,0.0007180843,0.00022405312,0.00022330352,0.00017575164,4.008511e-06,0.0031438346,4.6555608e-05,1.890067e-05,0.018637205,5.5790806e-05,4.615724e-05,5.4875898e-05,3.5577017e-05,9.899758e-05
26,0.999859,3.3395042e-07,3.3194587e-07,1.624924e-06,3.526007e-06,3.149158e-07,3.702651e-07,4.5521215e-06,1.0110439e-06,4.2396623e-06,1.1827226e-06,4.0618474e-08,1.6774302e-05,1.8938019e-07,2.2653307e-07,0.000100966136,1.9832598e-06,4.5971996e-07,4.2680455e-07,2.6336474e-07,1.9274328e-06
27,0.9957416,4.8248976e-06,4.1225953e-06,3.0691495e-05,5.5920045e-05,4.4689878e-06,1.3522447e-05,0.00013351548,3.9162656e-05,5.2899468e-05,3.3364515e-05,6.309501e-07,0.0005900105,7.346476e-06,3.574075e-06,0.0032155758,1.2231842e-05,8.785339e-06,1.02978765e-05,6.872326e-06,3.0220677e-05
28,0.99987817,2.8235365e-07,2.5010422e-07,1.5547722e-06,5.3356357e-06,2.9798719e-07,3.05982e-07,4.396917e-06,9.460156e-07,3.4452082e-06,1.2985009e-06,4.383101e-08,1.5741118e-05,1.8068339e-07,1.7504753e-07,8.3170424e-05,1.764951e-06,4.7427733e-07,4.1554347e-07,2.69416e-07,1.4889246e-06
29,0.9964529,2.6377786e-06,2.5477802e-06,2.3733171e-05,2.6296095e-05,3.5135365e-06,7.2308603e-06,6.154319e-05,2.0756761e-05,3.0223555e-05,1.7905977e-05,3.282942e-07,0.00033026174,4.3128794e-06,2.2477088e-06,0.0029719647,1.0336612e-05,4.8901493e-06,4.823641e-06,3.3988142e-06,1.8120054e-05
30,0.9999944,1.4419203e-07,3.884123e-08,4.2590761e-07,1.5158271e-06,4.7727987e-08,2.812422e-08,3.549098e-07,1.6351257e-07,4.8712735e-07,8.129387e-08,1.6804696e-08,2.2667311e-07,2.005972e-08,1.3538439e-08,9.920514e-07,5.747595e-07,2.0767136e-07,5.097118e-08,1.40614596e-08,3.2333648e-07
31,0.9998616,3.0016875e-07,3.1515398e-07,1.5346781e-06,5.150015e-06,2.792951e-07,4.2242624e-07,6.0717316e-06,1.350362e-06,3.854359e-06,1.257374e-06,4.7354522e-08,1.9574254e-05,2.13565e-07,1.880618e-07,9.319298e-05,1.4647073e-06,5.0286354e-07,4.6209823e-07,2.8937703e-07,1.9319316e-06
32,0.99816906,1.6719755e-06,1.9433062e-06,1.3188722e-05,1.5198987e-05,2.32337e-06,3.9655806e-06,3.5985628e-05,1.1876333e-05,1.9813539e-05,1.028766e-05,1.8258345e-07,0.00020146479,2.268545e-06,1.5256866e-06,0.0014815292,6.410804e-06,3.013295e-06,2.7194621e-06,1.919421e-06,1.3508026e-05
33,0.9783773,2.2001723e-05,1.6779757e-05,0.00015707595,0.00017560762,1.8183397e-05,5.6172492e-05,0.00046102266,0.00016432728,0.00019278246,0.00013808519,2.839586e-06,0.0025260944,3.742544e-05,1.4951707e-05,0.017405702,4.756412e-05,3.3979253e-05,3.7649505e-05,2.4678977e-05,8.951427e-05
34,0.9999944,1.4419203e-07,3.884123e-08,4.2590761e-07,1.5158271e-06,4.7727987e-08,2.812422e-08,3.549098e-07,1.6351257e-07,4.8712735e-07,8.129387e-08,1.6804696e-08,2.2667311e-07,2.005972e-08,1.3538439e-08,9.920514e-07,5.747595e-07,2.0767136e-07,5.097118e-08,1.40614596e-08,3.2333648e-07
35,0.9827862,1.777322e-05,1.3216756e-05,0.00016964476,0.00014067642,1.6888906e-05,4.255624e-05,0.00039711464,0.00016655754,0.00017491358,0.00011733861,2.2644435e-06,0.0022938442,2.8605831e-05,1.264244e-05,0.013392494,4.3434422e-05,3.1196574e-05,3.4644963e-05,2.0375348e-05,9.7426324e-05
36,0.98143494,2.0594092e-05,1.6733095e-05,0.00015131493,0.00017826144,1.8643203e-05,5.7211e-05,0.0005722159,0.00018442224,0.00019917726,0.00013679582,3.218544e-06,0.002864846,3.7395006e-05,1.6733748e-05,0.013843631,4.7153928e-05,3.9426322e-05,4.372899e-05,2.692647e-05,0.00010660955
37,0.99992704,2.7882632e-07,2.7859483e-07,2.4378637e-06,5.153118e-06,3.4794448e-07,2.8942713e-07,3.3368394e-06,2.335355e-06,1.606939e-06,6.205224e-07,3.4625707e-08,6.8373083e-06,1.7224319e-07,1.1626171e-07,4.4097495e-05,1.7720519e-06,5.958685e-07,1.8798393e-07,1.2783083e-07,2.5894853e-06
38,0.97826445,2.0382315e-05,1.6521788e-05,0.00014377662,0.00018773336,1.8689687e-05,6.537368e-05,0.00059578917,0.00018774766,0.00021275005,0.00013825044,3.1987063e-06,0.0025879915,3.9156348e-05,1.6320506e-05,0.017251005,4.9288312e-05,3.673154e-05,4.3580534e-05,2.6643727e-05,9.4608426e-05
39,0.9999504,2.222066e-07,1.9782435e-07,1.8989064e-06,3.0965127e-06,2.8090938e-07,1.9407689e-07,2.6644543e-06,1.3442822e-06,1.2557468e-06,4.6913138e-07,2.069581e-08,4.668666e-06,1.0372646e-07,9.3467705e-08,2.9392093e-05,1.280789e-06,3.7462567e-07,1.5310037e-07,9.835789e-08,1.6318844e-06
40,0.9999635,9.54092e-08,2.3605628e-07,1.0484044e-06,5.135316e-06,2.0033588e-07,1.4797914e-07,1.3701289e-06,9.643057e-07,1.036114e-06,4.3000546e-07,3.559481e-08,3.3787603e-06,1.2667118e-07,4.9161557e-08,1.894105e-05,1.4994273e-06,5.1374144e-07,1.0485388e-07,7.4889975e-08,1.0603268e-06
41,0.9819775,1.6117396e-05,1.0846413e-05,0.00018421773,0.0001151122,1.6607193e-05,3.491565e-05,0.00027434228,0.00015378468,0.00016348515,0.00011059532,1.9206573e-06,0.0020103236,2.6823913e-05,1.0445834e-05,0.01468527,4.9289276e-05,2.684467e-05,2.9092684e-05,1.6883623e-05,8.5441476e-05
42,0.99998784,2.7268618e-07,7.257349e-08,7.584338e-07,1.1786993e-06,1.17364216e-07,9.413282e-08,1.6792812e-06,3.8757003e-07,8.691889e-07,3.532185e-07,3.169842e-08,6.842359e-07,4.870272e-08,3.963606e-08,3.5058424e-06,9.578602e-07,5.7580144e-07,1.3121537e-07,4.255347e-08,5.587542e-07
43,0.99991155,2.680582e-07,2.9439843e-07,1.9644867e-06,3.831795e-06,2.605866e-07,4.1168377e-07,4.1540343e-06,1.1982379e-06,2.504908e-06,6.2520957e-07,3.0715956e-08,1.223378e-05,1.442948e-07,1.3110743e-07,5.608556e-05,1.7187797e-06,3.8430937e-07,3.6118848e-07,1.6024464e-07,1.99201e-06
44,0.99569607,3.0150911e-06,3.1545253e-06,2.7031963e-05,3.3050117e-05,4.166234e-06,8.955402e-06,0.00010825869,3.908412e-05,4.6928457e-05,2.18309e-05,5.1234287e-07,0.00048789804,4.9157934e-06,2.9150342e-06,0.0034615188,1.0381446e-05,7.2387766e-06,7.2634843e-06,4.0331647e-06,2.2100457e-05
45,0.99991155,1.5837772e-07,1.5982141e-07,1.1389719e-06,4.21182e-06,2.1824758e-07,2.1801002e-07,3.0655292e-06,8.0408296e-07,1.7551232e-06,1.0100572e-06,2.5353778e-08,1.0966352e-05,1.4617585e-07,9.649847e-08,6.189449e-05,8.8389345e-07,4.2370093e-07,2.412626e-07,1.658449e-07,9.331636e-07
46,0.99807835,2.5536742e-06,2.5773652e-06,1.4876705e-05,2.857729e-05,2.297258e-06,4.9812948e-06,5.2527306e-05,1.744178e-05,3.168583e-05,1.3858972e-05,3.1745353e-07,0.00026782448,3.1318573e-06,1.9912004e-06,0.0014382425,7.834532e-06,4.41086e-06,4.8432084e-06,3.0288984e-06,1.8803854e-05
47,0.999851,3.196023e-07,3.3268577e-07,2.2916975e-06,5.465801e-06,3.253562e-07,4.360774e-07,5.6435542e-06,1.8972784e-06,4.1415406e-06,1.1333997e-06,4.9076302e-08,2.3335844e-05,2.1734705e-07,1.7718739e-07,9.812978e-05,1.4552058e-06,5.611699e-07,4.2987836e-07,2.2865945e-07,2.2260858e-06
48,0.99998283,1.3650053e-07,1.1699262e-07,7.3577945e-07,4.1435046e-06,1.2056726e-07,6.263896e-08,6.7932604e-07,6.405317e-07,7.799482e-07,2.472743e-07,4.00673e-08,1.411741e-06,6.917703e-08,2.5951579e-08,4.6029827e-06,1.3773201e-06,6.787387e-07,9.844666e-08,3.7352816e-08,9.5020994e-07
49,0.97264266,3.0639752e-05,2.3616085e-05,0.00018987597,0.00028134737,2.3017441e-05,8.839894e-05,0.0008546893,0.0002473195,0.00025537377,0.00021139494,4.854524e-06,0.0039467965,5.7760695e-05,2.3801487e-05,0.020786487,6.1073115e-05,5.434147e-05,6.0039118e-05,3.8737482e-05,0.000117924326
50,0.99990904,1.0008958e-07,1.2878529e-07,9.3772263e-07,3.3791366e-06,1.9099853e-07,1.7070099e-07,2.4626029e-06,6.976576e-07,1.3079657e-06,9.820811e-07,1.9922613e-08,1.018826e-05,1.4631996e-07,8.0794926e-08,6.79276e-05,7.824325e-07,3.9409983e-07,2.0121337e-07,1.4030798e-07,6.778373e-07
51,0.99505436,5.863694e-06,5.1334086e-06,3.9243005e-05,5.8729427e-05,5.3741305e-06,1.424532e-05,0.00015116799,4.205906e-05,5.7862377e-05,3.855737e-05,7.171598e-07,0.0007209572,8.482492e-06,5.138963e-06,0.0037098129,1.4981523e-05,9.6932345e-06,1.1913039e-05,8.2131755e-06,3.7577152e-05
52,0.98713475,2.1726553e-05,1.6897178e-05,0.00013108763,0.00015580452,1.4547134e-05,4.0046703e-05,0.00036648125,0.00023195641,0.00020878178,9.330738e-05,2.8241463e-06,0.00267153,2.1883345e-05,1.1940803e-05,0.008618403,3.4658166e-05,3.463622e-05,3.895236e-05,2.0217603e-05,0.00012950755
53,0.9999752,2.6228093e-07,1.3687375e-07,8.7790926e-07,3.4413554e-06,1.5167747e-07,1.1422463e-07,1.6458163e-06,1.1579442e-06,1.7109929e-06,4.9422204e-07,8.0058406e-08,2.454175e-06,9.769582e-08,5.218092e-08,6.9626894e-06,1.9410086e-06,1.3532565e-06,2.4163117e-07,6.2205224e-08,1.7035488e-06
54,0.99905294,8.0718246e-07,1.0013287e-06,9.272481e-06,6.6327757e-06,1.3457668e-06,1.5513556e-06,1.414969e-05,5.778758e-06,1.0299835e-05,3.7133898e-06,8.413129e-08,9.1344424e-05,8.7315533e-07,7.630671e-07,0.00078414724,4.5025145e-06,1.4287247e-06,1.2396555e-06,6.734595e-07,7.506879e-06
55,0.99990964,2.3078397e-07,2.3713356e-07,1.5900481e-06,3.4799234e-06,2.440167e-07,2.5760644e-07,2.9855228e-06,1.0798244e-06,2.7167296e-06,6.399536e-07,2.708441e-08,1.3454912e-05,1.269505e-07,1.0988588e-07,6.0083923e-05,1.1207097e-06,3.49158e-07,2.3130968e-07,1.4398124e-07,1.379041e-06
56,0.99986506,4.655341e-07,4.0813396e-07,2.0657408e-06,6.426861e-06,3.6280906e-07,4.8275064e-07,5.75112e-06,1.2423101e-06,4.5438046e-06,1.1598094e-06,6.1990754e-08,1.9774692e-05,1.9633812e-07,2.376267e-07,8.578323e-05,2.246853e-06,5.4294145e-07,5.136522e-07,3.1797842e-07,2.2776478e-06
57,0.97801226,2.6753663e-05,1.7252605e-05,0.00021357268,0.00017297672,1.7994118e-05,6.43243e-05,0.0005432582,0.00020832247,0.00023958845,0.00016489113,3.1070758e-06,0.0027158365,3.8403523e-05,1.7341252e-05,0.017262867,5.4741722e-05,3.6726735e-05,5.0668004e-05,2.686693e-05,0.00011211318
58,0.9864071,1.4046455e-05,1.1533865e-05,9.037753e-05,0.00014815123,1.35117325e-05,4.1396008e-05,0.0004553016,0.00014073493,0.00014553785,8.799857e-05,2.444388e-06,0.002058459,2.443243e-05,1.1458316e-05,0.010158707,3.2917458e-05,2.8462293e-05,3.201479e-05,1.9335346e-05,7.6033255e-05
59,0.9909519,1.3451897e-05,1.2080291e-05,5.9852126e-05,0.00014218235,9.439091e-06,4.006221e-05,0.00045907486,0.00010400121,0.00011927288,7.821898e-05,1.9762329e-06,0.0017471624,1.8798532e-05,1.0492015e-05,0.0060569313,2.7093385e-05,2.2783392e-05,2.9454726e-05,1.8301384e-05,7.7519435e-05
60,0.9986241,2.5863233e-06,2.3375492e-06,1.5517186e-05,2.5214564e-05,2.1114754e-06,3.1638442e-06,2.9657023e-05,1.7106517e-05,3.4500597e-05,9.958436e-06,2.959605e-07,0.00019774189,2.3247417e-06,1.524626e-06,0.0009967416,8.688759e-06,3.3995152e-06,3.963444e-06,2.1979e-06,1.6646985e-05
61,0.99592674,3.4063203e-06,3.2912671e-06,2.7031108e-05,3.1575124e-05,4.071516e-06,8.227403e-06,7.831727e-05,2.9034989e-05,4.2153977e-05,2.0725984e-05,4.4802934e-07,0.00042842785,5.0253598e-06,2.7793064e-06,0.0033366075,1.1970425e-05,6.1203577e-06,6.5189342e-06,3.8557273e-06,2.3449225e-05
62,0.9990313,1.5408637e-06,1.269948e-06,8.014792e-06,1.6618347e-05,1.2739765e-06,2.532856e-06,2.5852976e-05,8.550509e-06,1.8724555e-05,7.757299e-06,1.8942835e-07,0.00011803074,1.6287432e-06,9.664259e-07,0.0007344182,4.685284e-06,2.462427e-06,2.685897e-06,1.9220151e-06,9.365078e-06
63,0.99998045,1.2994482e-07,1.4125382e-07,1.071121e-06,2.251823e-06,1.2533731e-07,8.781763e-08,1.2629318e-06,3.87998e-07,8.77651e-07,1.4120492e-07,1.2288313e-08,1.7850324e-06,4.902605e-08,5.6767828e-08,9.201936e-06,1.2382612e-06,1.5128863e-07,1.0201626e-07,5.1677244e-08,7.4990686e-07
64,0.9999864,3.3902492e-07,6.169276e-08,1.0757597e-06,9.5093407e-07,1.3941859e-07,1.089173e-07,2.1876165e-06,2.0056278e-07,7.4923076e-07,4.5255794e-07,1.9827182e-08,6.921182e-07,7.028046e-08,4.153089e-08,4.8705956e-06,6.854562e-07,4.7878757e-07,1.6085562e-07,4.958107e-08,2.715258e-07
65,0.9967758,4.4707967e-06,3.680314e-06,2.2912898e-05,4.9956532e-05,3.9652264e-06,1.3352006e-05,0.00014846376,3.5008743e-05,4.320773e-05,2.6884789e-05,5.6191266e-07,0.00042567705,5.6141585e-06,3.288e-06,0.0023743513,9.984354e-06,7.5298967e-06,8.644883e-06,6.66771e-06,3.0034253e-05
66,0.99997807,1.2106813e-07,1.7834975e-07,9.383545e-07,6.179765e-06,1.4204753e-07,9.255876e-08,8.2975424e-07,9.653485e-07,7.658122e-07,3.110288e-07,4.073807e-08,1.8291635e-06,1.0014098e-07,3.1111885e-08,6.0039138e-06,1.6501745e-06,6.6869325e-07,9.115245e-08,5.068726e-08,1.0938007e-06
67,0.99995136,2.035484e-07,1.7922171e-07,1.6375373e-06,2.2952743e-06,2.491662e-07,1.8797613e-07,3.0921865e-06,1.0516972e-06,1.268981e-06,4.623853e-07,1.5369102e-08,4.544747e-06,9.887166e-08,9.548505e-08,3.001599e-05,9.957412e-07,3.322008e-07,1.4510894e-07,8.5547526e-08,1.3964772e-06
68,0.99994004,1.9428357e-07,1.8671992e-07,1.0811608e-06,2.8154655e-06,1.9319036e-07,1.7232544e-07,1.8658206e-06,6.4299337e-07,2.3525038e-06,4.368176e-07,2.3012337e-08,8.496684e-06,7.403409e-08,9.088181e-08,3.8248047e-05,1.2179014e-06,2.3068337e-07,2.0278367e-07,1.1414037e-07,1.1129366e-06
69,0.9999881,3.1547174e-07,5.4483756e-08,9.917281e-07,1.6120965e-06,1.3225993e-07,9.038691e-08,1.3033932e-06,1.2950008e-07,6.572381e-07,3.056004e-07,1.7820012e-08,5.4659637e-07,6.681527e-08,3.2897777e-08,4.2079187e-06,6.193943e-07,2.94886e-07,1.44643e-07,6.0380415e-08,2.4969674e-07
70,0.9999809,1.6565421e-07,1.1880304e-07,7.23136e-07,4.1456506e-06,1.293392e-07,7.3884486e-08,8.797406e-07,7.807579e-07,1.1235036e-06,3.0333078e-07,5.47466e-08,1.6538612e-06,7.551609e-08,3.1774288e-08,5.158672e-06,1.5439383e-06,8.7808337e-07,1.4097597e-07,4.2746546e-08,1.1654969e-06
71,0.99996793,3.3361755e-07,1.7432072e-07,1.1860536e-06,2.6184905e-06,2.25261e-07,2.659166e-07,4.508151e-06,2.0064278e-06,1.8950011e-06,4.8232124e-07,4.9138148e-08,1.541598e-06,8.5104645e-08,9.015748e-08,1.1941944e-05,1.955138e-06,5.4329e-07,2.4696376e-07,7.675641e-08,1.7587427e-06
72,0.9999225,1.9069752e-07,4.5731474e-07,1.6773567e-06,1.118474e-05,3.5556488e-07,3.5591296e-07,3.393188e-06,2.2467354e-06,2.0426057e-06,8.908892e-07,8.833061e-08,7.8113635e-06,2.7508514e-07,1.1343432e-07,4.004149e-05,2.5800255e-06,1.0541792e-06,2.3161664e-07,1.7301767e-07,2.2422917e-06
73,0.99981385,2.7708563e-07,2.8044332e-07,1.9625738e-06,9.2151295e-06,3.5731685e-07,4.58121e-07,7.023959e-06,1.5195853e-06,2.8703182e-06,2.3645634e-06,6.012318e-08,1.997626e-05,3.687409e-07,1.8228896e-07,0.00013455619,1.2581356e-06,8.5513454e-07,5.526732e-07,4.3118155e-07,1.48796e-06
74,0.9995809,3.900563e-07,5.169215e-07,4.291894e-06,7.772247e-06,6.1229434e-07,7.4707015e-07,9.2616465e-06,2.8657496e-06,5.6491854e-06,3.4309166e-06,7.26201e-08,4.7839218e-05,6.01704e-07,3.6935563e-07,0.0003272692,2.599625e-06,1.2811122e-06,7.101323e-07,4.8676895e-07,2.5200998e-06
75,0.99476683,7.066176e-06,7.909516e-06,4.268844e-05,6.4059175e-05,7.0012306e-06,1.9032588e-05,0.00019830048,8.0737176e-05,8.689046e-05,3.575349e-05,9.778677e-07,0.0010789922,7.1759796e-06,4.8992065e-06,0.0034831457,1.5804535e-05,1.3465733e-05,1.5031971e-05,7.2516345e-06,5.705425e-05
76,0.9999864,3.3902492e-07,6.169276e-08,1.0757597e-06,9.5093407e-07,1.3941859e-07,1.089173e-07,2.1876165e-06,2.0056278e-07,7.4923076e-07,4.5255794e-07,1.9827182e-08,6.921182e-07,7.028046e-08,4.153089e-08,4.8705956e-06,6.854562e-07,4.7878757e-07,1.6085562e-07,4.958107e-08,2.715258e-07
77,0.9886292,1.4932174e-05,1.5376903e-05,7.5517186e-05,0.00016420249,1.178371e-05,4.506534e-05,0.00058964675,0.00013737411,0.0001536098,9.5313204e-05,2.5073107e-06,0.0023381931,2.2655695e-05,1.3139324e-05,0.007476127,3.2457276e-05,3.3367647e-05,3.438951e-05,2.004744e-05,9.516851e-05
78,0.9999869,1.5938899e-07,7.86687e-08,7.7665953e-07,3.6184474e-06,1.1274962e-07,9.572733e-08,9.53809e-07,3.0147936e-07,4.827662e-07,1.9244142e-07,2.0120149e-08,7.321287e-07,4.4269083e-08,2.6170346e-08,3.4950228e-06,1.0371693e-06,2.4324996e-07,7.987951e-08,5.028836e-08,6.0626815e-07
79,0.9998888,4.8387017e-07,3.6460054e-07,3.1607685e-06,6.5415365e-06,3.8467942e-07,4.51011e-07,4.163895e-06,1.4779524e-06,4.2139377e-06,1.0899275e-06,5.296371e-08,1.7444896e-05,1.9845137e-07,1.5055085e-07,6.561433e-05,2.1697576e-06,6.255556e-07,3.6738024e-07,2.3268257e-07,2.271175e-06
80,0.9999294,2.111953e-07,2.0390803e-07,1.5996693e-06,2.7170245e-06,1.988224e-07,2.9481924e-07,2.9488126e-06,9.837369e-07,1.823896e-06,4.6331047e-07,2.0734293e-08,9.92752e-06,1.05576554e-07,9.816803e-08,4.542921e-05,1.2895844e-06,3.1434837e-07,2.7362157e-07,1.16980345e-07,1.530768e-06
81,0.9842593,3.0223917e-05,2.2392e-05,0.0001105916,0.0002806772,1.5886335e-05,8.9055684e-05,0.0009669222,0.00019844525,0.0001959768,0.00017669355,4.1697044e-06,0.0033397826,4.603839e-05,2.1597936e-05,0.00990936,4.4528624e-05,4.8890066e-05,5.8917474e-05,4.3383152e-05,0.00013701206
82,0.99998915,1.0184237e-07,7.612628e-08,6.1442773e-07,3.873405e-06,7.587723e-08,5.768154e-08,5.666082e-07,4.6926772e-07,3.643549e-07,1.2280974e-07,1.5263694e-08,6.9668084e-07,3.810649e-08,1.7139614e-08,2.1478363e-06,9.0265775e-07,2.3456572e-07,4.460167e-08,2.6090264e-08,5.2911344e-07
83,0.99980146,2.9599454e-07,2.857368e-07,2.9377554e-06,4.027708e-06,3.5674415e-07,3.3481993e-07,3.5260362e-06,1.1742648e-06,3.925797e-06,1.4176175e-06,3.178677e-08,1.9650453e-05,2.2467837e-07,1.8542254e-07,0.00015515335,2.1050967e-06,5.5266474e-07,3.2706012e-07,2.0180416e-07,1.5550576e-06
84,0.9999645,2.1510064e-07,2.1811367e-07,1.4422891e-06,8.04409e-06,2.3100537e-07,2.1582024e-07,2.1710416e-06,8.0903305e-07,1.0211679e-06,5.050912e-07,4.02732e-08,2.8818986e-06,1.352898e-07,6.7353774e-08,1.3855347e-05,1.8136462e-06,5.1207445e-07,1.4797376e-07,1.4601527e-07,1.1561619e-06
85,0.9999306,1.8340418e-07,2.4058207e-07,1.4257857e-06,2.9979224e-06,2.1680829e-07,3.0796633e-07,3.3413826e-06,1.0631329e-06,2.018203e-06,5.106799e-07,2.5041961e-08,1.008484e-05,1.1327168e-07,9.516272e-08,4.2633637e-05,1.3861452e-06,3.497502e-07,2.6772707e-07,1.1917867e-07,1.7325627e-06
86,0.9523983,5.31632e-05,3.109905e-05,0.00039594385,0.0003616284,3.2224943e-05,0.00013733223,0.0011141838,0.0004357158,0.00041851884,0.00037717196,7.1886566e-06,0.0060161715,0.00010050737,3.6432477e-05,0.037550867,0.000106003776,8.5350446e-05,0.00010227958,6.1328115e-05,0.0001786469
87,0.99834037,1.3031332e-06,1.5377244e-06,1.0504711e-05,1.4946205e-05,1.8657515e-06,3.725144e-06,3.789919e-05,1.0078957e-05,1.7959886e-05,9.478178e-06,1.686625e-07,0.00017671172,1.9371516e-06,1.1695234e-06,0.0013473674,5.384591e-06,2.8226602e-06,2.576228e-06,1.703465e-06,1.0501667e-05
88,0.99926883,1.0491688e-06,8.020028e-07,6.319084e-06,1.0980572e-05,8.927767e-07,1.4989259e-06,1.45672875e-05,5.4896027e-06,1.3919743e-05,5.041575e-06,1.1905971e-07,8.517018e-05,9.245012e-07,6.097354e-07,0.00056951796,3.231652e-06,1.5916377e-06,1.8382274e-06,1.2097506e-06,6.5686595e-06
89,0.9931293,5.484844e-06,4.5277184e-06,7.05862e-05,3.656791e-05,6.8129334e-06,1.3903912e-05,0.00011748058,4.545628e-05,5.1671763e-05,3.62388e-05,6.024753e-07,0.00070048677,8.926126e-06,4.6400614e-06,0.005689193,1.7408887e-05,9.8085475e-06,9.433201e-06,5.6614404e-06,3.5888817e-05
90,0.98347324,2.363976e-05,1.3531469e-05,0.00017417713,0.0001463502,1.41589535e-05,4.755793e-05,0.0004035011,0.00019070326,0.00018376886,0.00014298277,2.9440123e-06,0.0021716596,2.6269416e-05,1.41332275e-05,0.012723994,4.658433e-05,3.4545123e-05,4.4529657e-05,2.1929209e-05,9.9673e-05
91,0.99989486,1.7433524e-07,4.25046e-07,1.8200191e-06,7.394452e-06,3.6632136e-07,3.8953297e-07,4.393122e-06,2.051848e-06,2.0397615e-06,8.3931565e-07,5.8655253e-08,1.0344292e-05,2.2237145e-07,1.4663527e-07,6.9694084e-05,1.8441142e-06,7.224921e-07,2.2943118e-07,1.5544445e-07,2.0148461e-06
92,0.98635584,1.1345031e-05,7.5013118e-06,0.00010750008,8.10924e-05,1.077523e-05,3.0022878e-05,0.00023697574,8.4030544e-05,0.00010404975,8.159819e-05,1.255878e-06,0.0014116388,2.1543114e-05,7.8795165e-06,0.011306479,2.8305902e-05,1.9721565e-05,2.0897873e-05,1.33091235e-05,5.8209367e-05
93,0.9954352,4.1504272e-06,3.9868733e-06,3.8226506e-05,4.1358657e-05,5.637496e-06,1.0352243e-05,0.00010661203,4.365167e-05,5.3729862e-05,2.7646558e-05,5.5426756e-07,0.00056529796,5.9912077e-06,3.3089527e-06,0.003586209,1.3040554e-05,8.06635e-06,8.441129e-06,5.0133754e-06,3.341793e-05
94,0.9953681,7.3958986e-06,8.900455e-06,3.9291517e-05,8.3283965e-05,7.309588e-06,2.2527809e-05,0.00023901784,5.882301e-05,6.610231e-05,4.1549498e-05,1.0826916e-06,0.0010616468,1.0181366e-05,6.232772e-06,0.0028675157,1.8000432e-05,1.3922289e-05,1.4253209e-05,9.498886e-06,5.544185e-05
95,0.9868176,1.1788923e-05,1.0713728e-05,0.00011080854,9.10448e-05,1.2199855e-05,3.6405192e-05,0.00032779708,0.00011670434,0.00014578113,8.9864465e-05,1.5755408e-06,0.001563655,2.347051e-05,9.870664e-06,0.010461939,3.322526e-05,2.2862097e-05,2.5683892e-05,1.5162462e-05,7.213187e-05
96,0.9997248,3.1857306e-07,2.8608355e-07,3.7321638e-06,2.818088e-06,4.3837224e-07,3.285189e-07,3.553707e-06,1.7241928e-06,4.750558e-06,1.4680237e-06,2.8883772e-08,2.8875607e-05,2.845302e-07,2.1754109e-07,0.00022109135,2.0231619e-06,6.171113e-07,3.9823908e-07,2.154568e-07,2.1344e-06
97,0.99997604,1.8717343e-07,1.4915328e-07,1.137455e-06,6.5906834e-06,1.7635294e-07,1.6134514e-07,1.4591387e-06,6.839623e-07,7.533715e-07,3.3685436e-07,3.4066957e-08,1.7923613e-06,8.664529e-08,4.4986578e-08,7.2972944e-06,1.6515282e-06,3.808101e-07,1.2807223e-07,9.690494e-08,9.592089e-07
98,0.9915957,7.399697e-06,6.596741e-06,6.7233326e-05,6.6873945e-05,8.233086e-06,2.2897466e-05,0.00021194262,7.850693e-05,9.076529e-05,5.2615702e-05,1.0082729e-06,0.0010355935,1.1987757e-05,5.888356e-06,0.0066255643,2.4242367e-05,1.4204661e-05,1.6100488e-05,8.5552765e-06,4.7988535e-05
99,0.9999013,1.5386172e-07,3.8672314e-07,1.6733793e-06,6.7188375e-06,3.5900823e-07,3.4296852e-07,3.8833246e-06,1.8794493e-06,2.00954e-06,7.7311995e-07,4.6622738e-08,1.0119486e-05,1.9914947e-07,1.2230947e-07,6.547208e-05,1.7284224e-06,6.270698e-07,2.1434906e-07,1.4541367e-07,1.8668181e-06
100,0.9999901,2.0081329e-07,5.26046e-08,6.576671e-07,1.1771068e-06,9.504756e-08,6.0685224e-08,1.0031907e-06,2.765315e-07,6.917235e-07,2.5917996e-07,2.4235428e-08,5.688752e-07,3.7050384e-08,2.9043209e-08,2.9990642e-06,7.7755953e-07,4.2606462e-07,9.4171824e-08,3.3415144e-08,3.996305e-07
101,0.9786596,2.9027527e-05,2.2573291e-05,0.00022970584,0.00022560713,2.3741317e-05,6.288919e-05,0.00053713925,0.00023076132,0.00024065758,0.00017082861,3.7071138e-06,0.0030338108,4.4626504e-05,1.9695348e-05,0.016140109,5.9628084e-05,4.778178e-05,4.6799225e-05,3.1491814e-05,0.00013985799
102,0.9991448,9.451027e-07,1.0382506e-06,8.823827e-06,8.199836e-06,1.3048539e-06,1.8516357e-06,1.6710319e-05,6.6030143e-06,1.6786218e-05,5.387717e-06,1.1091849e-07,9.261743e-05,1.1806092e-06,8.1945007e-07,0.00067371456,4.722113e-06,1.8203386e-06,1.65554e-06,1.2073727e-06,9.594985e-06
103,0.9999732,4.177737e-07,1.1332004e-07,1.3041957e-06,1.8102371e-06,2.2271446e-07,2.1354668e-07,3.773891e-06,6.4770256e-07,1.3188018e-06,5.2113154e-07,3.0731442e-08,1.1518501e-06,8.895441e-08,7.225062e-08,1.227414e-05,1.2296888e-06,4.5811146e-07,2.4167244e-07,6.8697744e-08,6.836192e-07
104,0.98061806,2.9131364e-05,1.5798594e-05,0.0002031783,0.00019352217,1.6762016e-05,5.4238495e-05,0.0004428056,0.00022742241,0.00021678748,0.00018015712,4.212474e-06,0.0027211101,3.500702e-05,1.670468e-05,0.014728542,5.907437e-05,4.5371275e-05,5.5754055e-05,2.7728107e-05,0.000109053544
105,0.9896668,7.825828e-06,6.643633e-06,0.000101347025,6.108666e-05,1.0591435e-05,1.7493963e-05,0.00014810638,8.2997634e-05,8.168539e-05,4.8931866e-05,9.54561e-07,0.0009831705,1.3078154e-05,5.918387e-06,0.0086508,2.8311571e-05,1.2975735e-05,1.3487407e-05,7.308428e-06,5.04601e-05
106,0.97825056,1.907475e-05,1.4152185e-05,0.00014979433,0.00018468521,1.707845e-05,6.3535095e-05,0.00058248756,0.00017048858,0.00018800517,0.00015479447,2.998712e-06,0.002596163,4.1741467e-05,1.5300819e-05,0.017307844,4.789194e-05,3.7865597e-05,4.3208453e-05,2.717322e-05,8.507134e-05
107,0.97738236,2.5651092e-05,1.7208145e-05,0.0001763585,0.00022924333,1.9698009e-05,7.4705305e-05,0.0007081629,0.00023526567,0.00023601919,0.00019065027,4.1582593e-06,0.0031701103,5.015601e-05,1.8559955e-05,0.017147476,5.9893136e-05,5.2626496e-05,5.3626503e-05,3.6483812e-05,0.00011165952
108,0.97619593,2.5530491e-05,2.1910271e-05,0.00019947048,0.00021053599,2.3459152e-05,7.129956e-05,0.0006141663,0.00021953997,0.00022677564,0.00017322101,3.835295e-06,0.0035772333,4.474677e-05,2.0778798e-05,0.018066224,5.833881e-05,4.1701813e-05,4.8267717e-05,3.0250078e-05,0.0001265136
109,0.97124016,3.539218e-05,2.5932592e-05,0.0002459679,0.00026666917,2.6682088e-05,9.160181e-05,0.0008393338,0.00026743524,0.00028731918,0.00021539172,5.1938637e-06,0.0040670517,6.0030583e-05,2.6344713e-05,0.021917125,6.7872315e-05,5.6539506e-05,6.643525e-05,4.1124065e-05,0.00015068719
110,0.9986524,1.356109e-06,1.3399853e-06,1.0541277e-05,1.2886911e-05,1.6110259e-06,3.0769716e-06,2.5555317e-05,1.0147439e-05,1.8838835e-05,8.04775e-06,1.7135346e-07,0.00014388493,1.9810536e-06,9.837679e-07,0.0010838888,5.4828533e-06,2.5936906e-06,2.5391544e-06,1.75869e-06,1.0831757e-05
111,0.9998673,2.6123791e-07,2.78353e-07,1.6405694e-06,2.8931343e-06,2.6098644e-07,3.247208e-07,3.935871e-06,1.0414409e-06,3.6329343e-06,1.0233265e-06,2.762154e-08,1.656929e-05,1.8232723e-07,1.7623442e-07,9.6307354e-05,1.520593e-06,4.242062e-07,3.2712126e-07,2.1131456e-07,1.5723773e-06
112,0.9947066,4.261514e-06,4.18462e-06,3.382434e-05,5.139703e-05,5.1464935e-06,1.4279371e-05,0.00017206534,4.852169e-05,5.357259e-05,3.168872e-05,6.9232146e-07,0.00063128246,7.109792e-06,4.1472354e-06,0.004164442,1.3719782e-05,1.0099039e-05,9.987458e-06,6.0070506e-06,2.7107126e-05
113,0.99998593,2.3409409e-07,6.6570124e-08,9.059691e-07,2.2928025e-06,1.4161729e-07,1.1441567e-07,1.4929955e-06,1.8190576e-07,6.793839e-07,3.1765313e-07,1.7730166e-08,8.16694e-07,6.6401846e-08,3.4651464e-08,4.763655e-06,8.3577595e-07,2.9029894e-07,1.3719213e-07,7.6761154e-08,3.6510886e-07
114,0.9999373,2.475998e-07,1.9705989e-07,2.21836e-06,1.4732983e-06,2.4096622e-07,1.9525207e-07,1.4284927e-06,6.585028e-07,2.7709386e-06,4.4263274e-07,1.6138774e-08,9.110823e-06,1.1960189e-07,1.0447245e-07,4.0562256e-05,1.1326957e-06,2.3871482e-07,1.7858962e-07,1.2736885e-07,1.2233563e-06
115,0.9723828,3.216207e-05,2.4452376e-05,0.00019945813,0.0002837027,2.4289173e-05,9.4440715e-05,0.00091476354,0.00027916266,0.00027991098,0.00022387196,5.342665e-06,0.0041544666,6.218099e-05,2.500841e-05,0.020626707,6.5645225e-05,6.111034e-05,6.939305e-05,4.368059e-05,0.0001474643
116,0.9922827,1.3046698e-05,1.5858286e-05,5.8854577e-05,0.0001332273,1.0557952e-05,3.9173723e-05,0.00037939352,0.00011831932,0.00013218018,7.1923394e-05,2.2455888e-06,0.0018590392,1.7289887e-05,1.1009055e-05,0.004657373,2.617568e-05,2.5140756e-05,2.4756911e-05,1.6069567e-05,0.00010587592
117,0.99949634,7.078674e-07,5.63391e-07,6.7598185e-06,4.262559e-06,8.0939895e-07,7.6085456e-07,6.054939e-06,2.872238e-06,6.8042004e-06,2.8801458e-06,6.024744e-08,5.4195716e-05,7.974053e-07,4.8596155e-07,0.00040597512,3.4108114e-06,1.1588687e-06,7.514713e-07,4.8825126e-07,3.7497464e-06
118,0.9947442,5.665727e-06,4.9139794e-06,4.96973e-05,4.780984e-05,6.204871e-06,1.2789374e-05,0.00012202781,5.812376e-05,6.231014e-05,3.32965e-05,6.925339e-07,0.0005947929,7.1502004e-06,4.278861e-06,0.004165978,1.659495e-05,9.632892e-06,1.0581409e-05,5.481773e-06,3.8097667e-05
119,0.9941375,8.079109e-06,9.354321e-06,4.623962e-05,8.38873e-05,7.04626e-06,2.003225e-05,0.00019475406,8.864846e-05,8.64638e-05,4.3734894e-05,1.149507e-06,0.0012305971,1.00544585e-05,6.5854483e-06,0.003906592,1.7138185e-05,1.7064225e-05,1.438851e-05,8.5074e-06,6.215223e-05
120,0.9811359,2.0792137e-05,1.3042632e-05,0.0001729102,0.00013640792,1.516242e-05,5.347367e-05,0.00045169878,0.00015680239,0.00017612206,0.00014683082,2.3111277e-06,0.0024471642,3.0222189e-05,1.3896062e-05,0.014793334,4.3966484e-05,3.298073e-05,4.0720406e-05,2.2182796e-05,9.400524e-05
121,0.98624265,1.5261965e-05,1.5155966e-05,0.00014606582,0.000116075746,1.6007312e-05,4.3983873e-05,0.0003505192,0.0001803607,0.00017260599,9.005276e-05,1.8288324e-06,0.0017663646,2.781302e-05,1.1644578e-05,0.010587995,4.6276393e-05,2.2594237e-05,2.8792778e-05,1.5384014e-05,0.00010261755
122,0.9902598,8.07585e-06,6.4565897e-06,7.449367e-05,6.59525e-05,8.4837575e-06,2.2423505e-05,0.00021572487,9.00382e-05,0.00010282735,5.903104e-05,1.0133863e-06,0.0013278028,1.2944763e-05,6.0673374e-06,0.007626751,2.3112963e-05,1.5347881e-05,1.7990631e-05,8.557409e-06,4.7052654e-05
123,0.9999925,1.9635807e-07,4.3015632e-08,5.999298e-07,1.4228881e-06,7.606906e-08,4.6085354e-08,6.112189e-07,1.586135e-07,4.9321784e-07,1.6272494e-07,1.897185e-08,3.2812113e-07,3.1324547e-08,2.1148283e-08,2.145391e-06,6.439679e-07,2.6350068e-07,7.558325e-08,2.842482e-08,3.1201697e-07
124,0.9864791,1.295353e-05,9.068195e-06,9.179084e-05,0.000119946846,1.1341873e-05,3.677656e-05,0.00032982347,0.00010453213,0.00012258247,8.420518e-05,1.7214411e-06,0.0015131392,2.1143427e-05,9.298145e-06,0.010899071,3.223674e-05,2.1270193e-05,2.5550777e-05,1.5853631e-05,5.8589027e-05
125,0.99993,1.8050348e-07,2.1753925e-07,1.586955e-06,3.7175787e-06,3.0227753e-07,2.0732062e-07,2.52808e-06,1.3287e-06,1.4596827e-06,5.181921e-07,2.0306176e-08,7.28707e-06,1.3251459e-07,9.755511e-08,4.6875426e-05,1.1859985e-06,3.6964926e-07,1.778359e-07,1.2084972e-07,1.7615212e-06
126,0.9892964,7.691398e-06,6.1272776e-06,7.7354955e-05,6.4845124e-05,9.062354e-06,2.0501499e-05,0.00015048226,6.0054972e-05,7.741827e-05,4.6678928e-05,9.344564e-07,0.0008923852,1.4938603e-05,5.403422e-06,0.009165154,2.4529196e-05,1.2401213e-05,1.3085693e-05,8.930078e-06,4.556045e-05
127,0.9998785,4.315752e-07,6.937576e-07,5.3628787e-06,1.3190562e-05,6.511019e-07,4.112958e-07,4.5393563e-06,2.8706436e-06,5.0654e-06,9.707184e-07,7.3114336e-08,1.6834823e-05,3.040956e-07,2.2552437e-07,5.8988775e-05,4.332906e-06,1.0457021e-06,3.922797e-07,3.1723306e-07,4.8187476e-06
128,0.9996032,7.7832976e-07,8.18993e-07,4.094567e-06,6.586021e-06,7.2502314e-07,1.1307246e-06,1.0417951e-05,2.5473837e-06,8.069199e-06,3.0717672e-06,7.774903e-08,4.8156035e-05,6.601411e-07,5.3097676e-07,0.00029910446,3.442671e-06,1.0871292e-06,8.5362313e-07,6.9200996e-07,4.083149e-06
129,0.9983865,1.4673858e-06,1.7694753e-06,1.0689553e-05,1.379321e-05,2.2563765e-06,3.9959145e-06,3.9852224e-05,1.1358079e-05,1.666518e-05,9.164316e-06,1.6099727e-07,0.00020204633,1.931679e-06,1.5299591e-06,0.0012700832,5.637411e-06,2.5642578e-06,2.7493368e-06,1.9470947e-06,1.395443e-05
130,0.9999783,1.4003709e-07,1.1479777e-07,9.710735e-07,2.0925277e-06,1.0148583e-07,1.168068e-07,1.3663976e-06,3.9002498e-07,9.1098457e-07,1.5452031e-07,1.2558693e-08,2.4184649e-06,4.7253213e-08,4.593262e-08,1.0947805e-05,1.1095232e-06,1.5459948e-07,1.3415614e-07,4.9520946e-08,6.655975e-07
131,0.98852974,1.5227899e-05,9.927871e-06,0.00011563433,0.000105760744,1.0726924e-05,3.317617e-05,0.0002833783,0.00012077139,0.00013510785,9.0005524e-05,1.8127251e-06,0.0015568321,1.854514e-05,9.486585e-06,0.008790371,3.597388e-05,2.2751276e-05,2.8100481e-05,1.4424718e-05,7.232217e-05
132,0.99072194,1.17689115e-05,7.654547e-06,0.00014722542,7.5926364e-05,1.3324812e-05,2.328283e-05,0.00018890548,0.0001273355,0.00010637462,7.624345e-05,1.220282e-06,0.0012193277,1.4731945e-05,7.68801e-06,0.0070936433,3.654634e-05,2.0339898e-05,1.9536677e-05,1.0512654e-05,7.647561e-05
133,0.998104,3.937497e-06,3.0223512e-06,2.0055768e-05,3.2117598e-05,2.803002e-06,7.563841e-06,6.219909e-05,1.7734299e-05,3.230936e-05,1.5872154e-05,3.461075e-07,0.00023734973,3.6152835e-06,2.5257987e-06,0.0014061615,1.04620185e-05,3.8847083e-06,4.586096e-06,3.9941515e-06,2.5201169e-05
134,0.99996686,2.9564737e-07,1.2746827e-07,1.2982334e-06,4.537282e-06,2.491161e-07,2.9189746e-07,3.5728583e-06,4.39746e-07,9.073136e-07,5.240457e-07,2.7636938e-08,2.621001e-06,1.1247779e-07,8.008676e-08,1.5254557e-05,1.2850385e-06,4.3488154e-07,2.547551e-07,1.7131069e-07,6.70484e-07
135,0.9896974,9.625378e-06,8.1511225e-06,6.184473e-05,9.5136515e-05,8.804308e-06,3.0429766e-05,0.00033010775,8.805782e-05,9.9644414e-05,6.559354e-05,1.4518253e-06,0.0012361563,1.6242633e-05,8.414231e-06,0.00811349,2.415614e-05,1.9493798e-05,2.042837e-05,1.3728044e-05,5.1704603e-05
136,0.9986908,1.2768904e-06,1.5395203e-06,7.9754445e-06,1.7340397e-05,1.6799092e-06,3.5700862e-06,4.201664e-05,9.084214e-06,1.857628e-05,8.105376e-06,1.90871e-07,0.00015702096,1.68646e-06,1.0894961e-06,0.001016165,4.756727e-06,2.5441268e-06,2.503461e-06,1.6688005e-06,1.0510293e-05
137,0.98705727,9.559292e-06,8.37665e-06,0.00011018635,8.041947e-05,1.1269133e-05,2.6307107e-05,0.00023068632,0.00010568341,0.00011432092,7.130773e-05,1.2920684e-06,0.0014317228,1.796132e-05,7.911174e-06,0.010575176,3.1748652e-05,1.8865696e-05,2.0741641e-05,1.03515085e-05,5.8785106e-05
138,0.9889697,1.2084201e-05,8.968995e-06,0.000116604686,8.090585e-05,1.13715705e-05,2.6850965e-05,0.00024967905,0.00012204914,0.00013010079,7.5452255e-05,1.4198511e-06,0.0012284502,1.51688e-05,8.4683015e-06,0.008785967,3.197395e-05,1.8985607e-05,2.3508463e-05,1.163458e-05,7.065933e-05
139,0.99979407,2.52943e-07,3.9379194e-07,1.8358534e-06,1.0261201e-05,4.141942e-07,6.1974146e-07,7.638228e-06,2.1612666e-06,2.2926797e-06,4.3844548e-06,6.736207e-08,2.2868502e-05,7.344089e-07,1.9093613e-07,0.00014652273,1.0756522e-06,1.9753052e-06,3.263165e-07,4.1519598e-07,1.6675148e-06
140,0.99975723,1.7362373e-07,2.7267762e-07,1.723453e-06,4.381288e-06,3.4045235e-07,3.4043154e-07,4.40685e-06,1.4262224e-06,4.252382e-06,1.8646081e-06,3.9129862e-08,2.565437e-05,3.311034e-07,1.8244768e-07,0.00019237239,2.001833e-06,6.6434256e-07,4.2849229e-07,2.5721494e-07,1.5022594e-06
141,0.9992798,9.5251863e-07,9.09131e-07,7.0232277e-06,6.518402e-06,1.1214403e-06,1.6571647e-06,1.3177798e-05,4.264164e-06,8.77967e-06,4.1902504e-06,7.858893e-08,7.902947e-05,9.588099e-07,7.040647e-07,0.0005777519,3.7615328e-06,1.4719659e-06,1.071349e-06,8.5913155e-07,5.8789815e-06
142,0.99010676,8.310918e-06,7.162424e-06,7.6896984e-05,7.315091e-05,8.865854e-06,2.3866916e-05,0.00022057055,8.450501e-05,9.4607996e-05,5.910815e-05,1.1779254e-06,0.0011500185,1.5093616e-05,6.9113953e-06,0.007940245,2.8543827e-05,1.5465423e-05,1.7997681e-05,9.412126e-06,5.1189076e-05
143,0.99992776,1.2729916e-07,2.596249e-07,1.3040842e-06,5.3166277e-06,2.8819917e-07,2.3262018e-07,2.6310536e-06,1.0311198e-06,1.4657264e-06,5.5042585e-07,2.6287259e-08,6.088027e-06,1.3218776e-07,8.386179e-08,4.962645e-05,1.2327914e-06,3.7861363e-07,1.5157671e-07,1.2539132e-07,1.3470569e-06
144,0.99991417,3.03338e-07,2.5213956e-07,2.2839808e-06,3.1071468e-06,4.0631195e-07,4.1494658e-07,6.772306e-06,1.709988e-06,2.219047e-06,8.3250944e-07,2.9278324e-08,6.4997394e-06,1.3975848e-07,1.5656222e-07,5.635593e-05,1.2413857e-06,5.215457e-07,2.823285e-07,1.6230724e-07,2.3709158e-06
145,0.99999,1.4379069e-07,5.893897e-08,7.261917e-07,2.3718308e-06,9.630762e-08,6.7554275e-08,7.4032675e-07,2.1948514e-07,4.415607e-07,1.6051004e-07,1.6968336e-08,5.478201e-07,3.294889e-08,2.2223011e-08,2.7199474e-06,8.9084654e-07,2.3433942e-07,6.948987e-08,3.824749e-08,4.569859e-07
146,0.98888177,9.424215e-06,7.823663e-06,9.2800496e-05,6.6162014e-05,1.0383289e-05,2.714403e-05,0.00023418538,7.8014724e-05,9.941551e-05,6.518007e-05,1.1451148e-06,0.0011952542,1.6977621e-05,7.676029e-06,0.009079552,2.6468677e-05,1.6662094e-05,1.7400533e-05,1.1275233e-05,5.529714e-05
147,0.9986174,3.9304746e-06,2.1879869e-06,1.526204e-05,2.9196706e-05,2.1702747e-06,9.731302e-06,6.1757804e-05,1.79061e-05,2.2115699e-05,1.2301179e-05,3.042861e-07,0.00016304973,3.1548504e-06,2.0825955e-06,0.000994403,9.184908e-06,3.2217258e-06,3.8288467e-06,3.923007e-06,2.2942124e-05
148,0.9998958,1.3897215e-07,2.9365188e-07,1.3730432e-06,3.888944e-06,3.1949594e-07,3.105403e-07,3.6526665e-06,1.46335e-06,1.6993671e-06,6.5607156e-07,3.0318912e-08,1.0330885e-05,1.5574018e-07,1.12906875e-07,7.594895e-05,1.2190119e-06,4.2211852e-07,2.0999065e-07,1.1335862e-07,1.6484407e-06
149,0.99851793,1.5609297e-06,1.5104296e-06,1.3055115e-05,1.3691538e-05,2.0563675e-06,2.8461757e-06,2.8181012e-05,1.4509315e-05,2.4150653e-05,9.269584e-06,2.0133146e-07,0.00018098696,1.7192772e-06,1.1744081e-06,0.0011578995,6.39554e-06,2.8540335e-06,3.0907265e-06,1.8167589e-06,1.4988119e-05
150,0.99990094,3.741944e-07,5.3496285e-07,1.7670291e-06,2.7303511e-05,3.531376e-07,4.0118027e-07,3.296727e-06,4.75674e-06,2.1085714e-06,1.4897184e-06,2.197362e-07,7.779245e-06,6.8151485e-07,1.1901874e-07,3.5802e-05,3.7191267e-06,3.8098115e-06,3.7190006e-07,2.6808272e-07,4.0906375e-06
151,0.9999292,2.2387522e-07,4.96074e-07,1.6480728e-06,1.5461223e-05,3.5100408e-07,3.360044e-07,3.0061635e-06,2.5923227e-06,2.0292455e-06,9.572669e-07,1.2297828e-07,7.050273e-06,3.451038e-07,1.0526688e-07,2.8574965e-05,3.1089394e-06,1.3577288e-06,2.6471912e-07,1.8037014e-07,2.4924634e-06
152,0.99987817,1.9742181e-07,2.4628284e-07,1.6994213e-06,3.231813e-06,2.7048054e-07,3.8429033e-07,4.480048e-06,1.2355845e-06,2.6057855e-06,7.023035e-07,2.4166342e-08,1.5371079e-05,1.3818773e-07,1.2476045e-07,8.734201e-05,1.2049519e-06,3.6699396e-07,3.2761375e-07,1.4460393e-07,1.8096337e-06
153,0.9897031,1.04445435e-05,8.524327e-06,0.00010807473,8.600682e-05,1.1581789e-05,2.5088173e-05,0.00022584484,9.575138e-05,0.00011328155,7.403673e-05,1.3850746e-06,0.0014555166,1.7893804e-05,7.864062e-06,0.007907082,2.9374662e-05,2.0530693e-05,1.9642886e-05,1.29647315e-05,6.5719585e-05
154,0.999754,1.9935764e-07,3.7840886e-07,1.9604438e-06,8.584854e-06,5.645523e-07,7.256528e-07,9.414169e-06,2.140794e-06,1.8165964e-06,6.4810833e-06,6.699242e-08,2.1891565e-05,8.8967613e-07,1.9629627e-07,0.00018458215,1.1329267e-06,2.4255182e-06,3.4578588e-07,5.108264e-07,1.6591882e-06
155,0.99996793,3.3361755e-07,1.7432072e-07,1.1860536e-06,2.6184905e-06,2.25261e-07,2.659166e-07,4.508151e-06,2.0064278e-06,1.8950011e-06,4.8232124e-07,4.9138148e-08,1.541598e-06,8.5104645e-08,9.015748e-08,1.1941944e-05,1.955138e-06,5.4329e-07,2.4696376e-07,7.675641e-08,1.7587427e-06
156,0.9998173,4.4742782e-07,8.5742477e-07,3.4417178e-06,1.9383357e-05,5.402633e-07,9.607851e-07,9.9681665e-06,5.0018084e-06,3.3697393e-06,2.0098312e-06,1.6666318e-07,2.3999524e-05,6.441726e-07,3.171498e-07,0.00010088425,3.5294563e-06,2.0359537e-06,5.11272e-07,3.8842074e-07,4.3176055e-06
157,0.99990094,3.741944e-07,5.3496285e-07,1.7670291e-06,2.7303511e-05,3.531376e-07,4.0118027e-07,3.296727e-06,4.75674e-06,2.1085714e-06,1.4897184e-06,2.197362e-07,7.779245e-06,6.8151485e-07,1.1901874e-07,3.5802e-05,3.7191267e-06,3.8098115e-06,3.7190006e-07,2.6808272e-07,4.0906375e-06
158,0.9902276,1.1530659e-05,9.085221e-06,0.00011529234,7.192086e-05,1.0775322e-05,2.5250207e-05,0.00022938901,0.00013349096,0.00012976905,7.233958e-05,1.4650545e-06,0.0013068791,1.5074742e-05,8.251231e-06,0.007471665,3.159258e-05,1.9643869e-05,2.3220666e-05,1.0793248e-05,7.504686e-05
159,0.9998888,1.4407989e-07,3.022887e-07,1.320946e-06,3.7740726e-06,3.170624e-07,3.1015185e-07,3.826803e-06,1.501685e-06,1.8196018e-06,7.135973e-07,2.7431547e-08,1.0926653e-05,1.7353616e-07,1.19122674e-07,8.214692e-05,1.1030635e-06,4.5417656e-07,2.2253771e-07,1.2920525e-07,1.7525243e-06
160,0.9901698,1.6780288e-05,1.4456907e-05,6.981173e-05,0.00016082205,1.098136e-05,4.5894554e-05,0.0005285803,0.0001302265,0.00013645785,8.383137e-05,2.2790641e-06,0.0019863166,2.020238e-05,1.1606208e-05,0.0064103124,2.9387224e-05,2.5986894e-05,3.370792e-05,1.9549378e-05,9.321462e-05
161,0.9998888,5.143717e-07,6.619678e-07,4.7340955e-06,1.017053e-05,6.2435817e-07,3.9918967e-07,4.984613e-06,2.2036634e-06,5.0182784e-06,7.1829066e-07,4.888188e-08,1.00212765e-05,2.8932584e-07,2.4569593e-07,6.235514e-05,3.323253e-06,6.719993e-07,3.7816258e-07,3.051606e-07,3.7522168e-06
162,0.95941955,4.439821e-05,3.7706945e-05,0.00033938064,0.00036058918,3.8353814e-05,0.0001341888,0.0011277981,0.00038787254,0.00039351257,0.0003267694,7.106627e-06,0.0063186535,9.80889e-05,3.5855843e-05,0.030425977,9.3695584e-05,7.375061e-05,8.750337e-05,5.5208693e-05,0.00019396485
163,0.9864966,2.0910225e-05,1.6267239e-05,9.102309e-05,0.00020577555,1.3075219e-05,6.720146e-05,0.0007083564,0.00015053195,0.00014760633,0.00014118355,3.1310276e-06,0.002464081,3.467942e-05,1.6475999e-05,0.009166782,3.7858583e-05,3.938465e-05,4.2602423e-05,3.1786254e-05,0.000104778315
164,0.9998851,1.5300266e-07,3.3346777e-07,1.4130239e-06,4.3138607e-06,3.537357e-07,3.1719577e-07,3.9056904e-06,1.5610126e-06,2.0322257e-06,7.851608e-07,2.8971503e-08,1.1678289e-05,1.8419702e-07,1.3063095e-07,8.353842e-05,1.2394273e-06,4.821792e-07,2.4608215e-07,1.5518297e-07,1.9901875e-06
165,0.99990475,4.3121173e-07,4.2765978e-07,3.8054175e-06,8.574111e-06,4.3649862e-07,5.1788703e-07,4.9661353e-06,4.3085674e-06,1.9275762e-06,1.2480095e-06,6.2699456e-08,9.741729e-06,2.9006728e-07,1.6770588e-07,5.013615e-05,2.5168545e-06,1.2928217e-06,2.3955587e-07,1.9803956e-07,3.7710533e-06
166,0.9999584,1.2215267e-07,2.4021963e-07,1.0934247e-06,6.169245e-06,2.3410864e-07,1.8386547e-07,1.7996794e-06,9.2892657e-07,1.2109249e-06,4.7815405e-07,3.6293756e-08,3.8399494e-06,1.258803e-07,5.9475653e-08,2.1870934e-05,1.4661501e-06,4.807608e-07,1.3553317e-07,1.129329e-07,1.2125046e-06
167,0.99992275,1.8832081e-07,2.3066903e-07,1.7200107e-06,4.222074e-06,3.1307687e-07,2.4056618e-07,2.80834e-06,1.5773384e-06,1.4901146e-06,5.5675144e-07,2.3536812e-08,7.851915e-06,1.55082e-07,9.8097374e-08,5.1615632e-05,1.2701906e-06,4.3047126e-07,1.8871903e-07,1.2388648e-07,1.9185784e-06
168,0.999027,7.607766e-07,8.3058495e-07,7.5795847e-06,6.3013567e-06,1.1729301e-06,1.2661877e-06,1.2707344e-05,6.2209747e-06,1.4609014e-05,4.497441e-06,9.3302695e-08,9.390414e-05,9.501902e-07,6.6894665e-07,0.0008065218,3.943943e-06,1.4661834e-06,1.4042392e-06,8.7224294e-07,7.192739e-06
169,0.9886153,1.31555125e-05,9.551472e-06,8.267297e-05,0.00012791569,1.0283133e-05,3.6932477e-05,0.00039261646,9.369817e-05,0.000113549766,8.679469e-05,1.9038107e-06,0.0015230959,2.0661522e-05,1.0519041e-05,0.008700568,3.1629785e-05,2.3407347e-05,2.662969e-05,1.8977498e-05,6.055445e-05
170,0.99971575,2.8678355e-07,2.479896e-07,3.6315835e-06,2.8928116e-06,3.8644825e-07,2.503929e-07,2.3265552e-06,1.3289057e-06,4.074106e-06,1.3162046e-06,2.7301745e-08,2.5166148e-05,2.668453e-07,1.8866251e-07,0.00023727682,1.9835413e-06,5.1092866e-07,3.5691505e-07,1.9264536e-07,1.650168e-06
171,0.9999293,2.079809e-07,2.4689888e-07,1.8365221e-06,3.989267e-06,3.312902e-07,2.3676807e-07,3.3338285e-06,1.4896272e-06,1.6233856e-06,6.8143737e-07,2.391136e-08,7.923223e-06,1.4597143e-07,1.2107725e-07,4.461753e-05,1.2692291e-06,4.7204577e-07,1.8958345e-07,1.4491256e-07,1.8731997e-06
172,0.97492844,2.9764527e-05,2.3699706e-05,0.00020487681,0.00024389054,2.3622286e-05,7.969017e-05,0.000699611,0.00023303024,0.00024107235,0.00018821577,4.0278296e-06,0.0036494674,5.0306815e-05,2.1524958e-05,0.019052325,6.087851e-05,4.9855287e-05,5.1646526e-05,3.4193483e-05,0.00012976321
173,0.99260074,7.3480546e-06,5.964789e-06,9.1589536e-05,5.1005267e-05,9.062065e-06,1.658277e-05,0.00014450961,7.612688e-05,7.4468444e-05,4.800127e-05,7.520282e-07,0.00078211655,9.89082e-06,5.4375428e-06,0.0059691793,2.3616118e-05,1.2795976e-05,1.3187618e-05,6.734098e-06,5.0966024e-05
174,0.99983585,3.6443177e-07,3.4521284e-07,2.1066735e-06,7.900089e-06,3.4002937e-07,4.9522936e-07,6.023792e-06,1.6965869e-06,4.208542e-06,1.5246677e-06,6.070284e-08,2.3775805e-05,2.3696508e-07,1.9504357e-07,0.00010965057,1.5292461e-06,6.0616964e-07,4.637087e-07,3.2279908e-07,2.1413941e-06
175,0.99888486,1.0894792e-06,1.1588646e-06,8.235064e-06,1.0099689e-05,1.498983e-06,2.7428428e-06,2.5203068e-05,6.6582247e-06,1.1707155e-05,6.2742156e-06,1.08212674e-07,0.00011201999,1.2830375e-06,9.4630514e-07,0.0009081969,4.393182e-06,1.9062003e-06,1.7824068e-06,1.2479071e-06,8.425891e-06
176,0.99994326,1.7083711e-07,1.3985935e-07,9.704034e-07,3.8632816e-06,1.7195842e-07,1.5046646e-07,2.082592e-06,5.904567e-07,1.8562321e-06,4.932688e-07,2.3362904e-08,7.4716395e-06,7.73624e-08,7.5133386e-08,3.6386904e-05,9.77606e-07,2.448137e-07,1.8480424e-07,1.1949145e-07,8.475981e-07
177,0.9997495,4.5667304e-07,4.884825e-07,2.9551081e-06,1.2789653e-05,4.831724e-07,8.400263e-07,1.0529144e-05,2.853137e-06,3.3116164e-06,4.52498e-06,8.698775e-08,2.8463168e-05,7.557847e-07,2.6075588e-07,0.00017514065,1.3851502e-06,1.919177e-06,4.625102e-07,5.195879e-07,2.2631427e-06
178,0.9998907,3.2276722e-07,3.045489e-07,2.2980653e-06,4.6874857e-06,4.2988887e-07,4.1215483e-07,6.8803997e-06,1.7618836e-06,2.0596956e-06,8.308489e-07,2.7530142e-08,8.982174e-06,1.8782906e-07,1.9297791e-07,7.542914e-05,1.246555e-06,4.448995e-07,3.0951216e-07,2.3468068e-07,2.1766448e-06
179,0.9997652,1.6600241e-07,3.1165612e-07,1.5010927e-06,9.391659e-06,4.7221636e-07,5.2305734e-07,7.0208716e-06,1.6262399e-06,1.9248714e-06,4.9883197e-06,6.19328e-08,2.1015274e-05,7.576296e-07,1.7416792e-07,0.00017989612,1.0343566e-06,1.7363033e-06,3.3916402e-07,4.8797153e-07,1.3248297e-06
180,0.9884614,1.6207934e-05,9.651782e-06,0.00012586828,0.00010540907,1.1994872e-05,3.512696e-05,0.0002883839,0.00013622695,0.00013020553,9.408344e-05,1.9034072e-06,0.001507848,1.615277e-05,9.441012e-06,0.0088618705,3.5925692e-05,2.3342205e-05,3.0924195e-05,1.489795e-05,8.3281884e-05
181,0.99992025,3.6801842e-07,3.966017e-07,3.0805902e-06,6.834797e-06,3.8064366e-07,4.874987e-07,5.3729323e-06,3.1079069e-06,1.5512904e-06,1.6136361e-06,5.42776e-08,8.104835e-06,2.7230678e-07,1.5711136e-07,4.1772924e-05,1.8289584e-06,1.5167356e-06,2.1282158e-07,1.8720583e-07,2.64924e-06
182,0.9999325,3.1660278e-07,2.5554053e-07,2.1858637e-06,4.750163e-06,2.7526977e-07,2.7646445e-07,3.926619e-06,1.0574774e-06,1.9449653e-06,5.8413104e-07,2.945873e-08,7.857422e-06,1.1969387e-07,1.5623354e-07,3.957769e-05,1.8584635e-06,4.063322e-07,2.9724526e-07,1.3934022e-07,1.6317882e-06
183,0.9860293,1.7014787e-05,1.0977759e-05,0.00014788337,0.00011675577,1.275842e-05,3.6063888e-05,0.0002946815,0.00014910435,0.00015446989,0.000108300934,2.191696e-06,0.0018213121,2.1589574e-05,1.0979665e-05,0.01087103,4.1548883e-05,2.644254e-05,3.240268e-05,1.6596692e-05,7.864467e-05
184,0.9998179,2.3970077e-07,4.2301124e-07,2.0964544e-06,6.558362e-06,5.2138904e-07,7.688499e-07,9.83307e-06,2.375714e-06,2.173638e-06,4.6831765e-06,5.617593e-08,1.7106986e-05,6.0600786e-07,1.992168e-07,0.00012757302,1.2910535e-06,2.4946207e-06,3.077496e-07,3.8356345e-07,2.3306438e-06
185,0.9998004,2.8872006e-07,4.881758e-07,2.0595094e-06,9.734146e-06,4.7323607e-07,8.2296316e-07,8.967301e-06,2.392194e-06,2.0570794e-06,5.796886e-06,7.6139486e-08,2.156651e-05,9.0934185e-07,2.0353765e-07,0.00013709221,1.0809767e-06,2.8577508e-06,3.057001e-07,4.5049785e-07,1.964094e-06
186,0.99973756,3.151699e-07,3.549642e-07,2.1727008e-06,1.1428629e-05,4.3535064e-07,6.413151e-07,8.758206e-06,1.9017748e-06,3.2837634e-06,3.3227186e-06,7.675117e-08,2.4570025e-05,5.350525e-07,2.1598352e-07,0.00019928509,1.221995e-06,1.0808996e-06,5.4663667e-07,5.3534086e-07,1.7512436e-06
187,0.9997693,4.6678267e-07,6.282691e-07,3.5840276e-06,6.639804e-06,5.635749e-07,7.8182944e-07,7.519422e-06,2.8190977e-06,5.495742e-06,1.6710056e-06,5.9755585e-08,3.6186764e-05,3.2383758e-07,2.715531e-07,0.00015544162,2.641109e-06,8.2727877e-07,5.0278453e-07,3.3440102e-07,3.8101598e-06
188,0.99991095,4.4473674e-07,3.34502e-07,3.3113586e-06,4.5382094e-06,3.0901614e-07,4.90958e-07,4.6902683e-06,1.2765389e-06,2.419527e-06,7.239265e-07,3.296263e-08,1.2313201e-05,1.7893319e-07,1.780781e-07,5.267336e-05,2.3430516e-06,4.5419225e-07,3.6867368e-07,1.782271e-07,1.8050218e-06
189,0.9998772,2.6544913e-07,3.461667e-07,2.157083e-06,4.2997144e-06,4.808666e-07,6.3291725e-07,8.635247e-06,2.1167175e-06,1.5387835e-06,3.7668985e-06,4.379654e-08,1.1671262e-05,3.9759198e-07,1.7948688e-07,7.99579e-05,1.1355567e-06,2.3963808e-06,2.2923925e-07,2.682244e-07,2.2315432e-06
190,0.99996924,1.8546373e-07,1.9503742e-07,1.2482197e-06,8.010527e-06,2.1937576e-07,2.0295484e-07,1.7498262e-06,8.034341e-07,9.220004e-07,3.9389548e-07,3.765108e-08,2.3467373e-06,1.0761923e-07,5.490952e-08,1.0889581e-05,1.7243447e-06,3.74256e-07,1.5716942e-07,1.307677e-07,1.0845207e-06
191,0.9943836,9.203926e-06,9.011242e-06,5.3353175e-05,8.783039e-05,8.380725e-06,1.8156035e-05,0.00017760493,8.65825e-05,8.9989146e-05,4.801389e-05,1.2796417e-06,0.0011464095,1.1174945e-05,7.2182534e-06,0.0037368876,2.1037218e-05,1.5488946e-05,1.7284294e-05,9.931547e-06,6.168053e-05
192,0.9979153,2.1438645e-06,2.3583905e-06,1.28887405e-05,2.4624846e-05,2.4302828e-06,5.806187e-06,6.587619e-05,1.5427804e-05,2.8253562e-05,1.42137615e-05,2.8894132e-07,0.0002883667,3.239702e-06,1.8056902e-06,0.0015826399,6.939685e-06,4.17249e-06,4.3108803e-06,2.7181125e-06,1.6286045e-05
193,0.99988794,3.1484058e-07,3.6719746e-07,2.5089753e-06,4.9317923e-06,4.6741272e-07,6.0080896e-07,9.017332e-06,2.460002e-06,2.048854e-06,2.0471255e-06,4.4721432e-08,9.544414e-06,2.717167e-07,1.9211433e-07,7.10673e-05,1.4292044e-06,1.3813512e-06,2.880168e-07,2.4616736e-07,2.8773804e-06
194,0.9999645,6.341876e-07,1.2095559e-07,1.9841766e-06,4.5475076e-06,2.8838795e-07,2.9108028e-07,3.995884e-06,4.149995e-07,1.0981673e-06,8.541931e-07,4.0685954e-08,2.115812e-06,1.682837e-07,9.4944376e-08,1.6041491e-05,1.0382506e-06,7.345299e-07,3.869538e-07,1.9232537e-07,5.7116716e-07
195,0.9986285,2.156786e-06,2.0808238e-06,1.1164642e-05,2.5310299e-05,1.6918285e-06,3.517995e-06,3.8363512e-05,1.43587395e-05,2.8447173e-05,9.472671e-06,2.6836685e-07,0.00021183182,2.2332624e-06,1.5047061e-06,0.0009873946,7.038927e-06,3.3094714e-06,4.0084115e-06,2.0919342e-06,1.5105544e-05
196,0.9996172,4.1967513e-07,4.4018253e-07,3.834651e-06,3.8247754e-06,5.296319e-07,7.1875746e-07,6.93018e-06,2.9037008e-06,6.534829e-06,2.485169e-06,4.762752e-08,3.9981842e-05,4.4863322e-07,3.1699713e-07,0.00030564284,2.1918574e-06,8.215516e-07,6.1986185e-07,4.6569443e-07,3.6333972e-06
197,0.9997794,1.357302e-07,2.457656e-07,1.6796583e-06,4.893423e-06,3.3458753e-07,3.2516235e-07,5.045811e-06,1.3747936e-06,2.4738636e-06,2.1261158e-06,3.4097635e-08,2.4086454e-05,3.2575764e-07,1.5722503e-07,0.00017369541,1.0717159e-06,7.9198867e-07,2.9986026e-07,2.4324171e-07,1.202444e-06
198,0.9960582,5.482872e-06,4.474196e-06,3.4374327e-05,4.502616e-05,5.2346477e-06,9.845602e-06,0.000110437846,3.6498084e-05,5.616265e-05,2.9943016e-05,6.080709e-07,0.0005600519,7.1173213e-06,4.147911e-06,0.0029618568,1.3256023e-05,8.238658e-06,9.61984e-06,6.2527147e-06,3.318932e-05
199,0.99996567,8.023309e-07,1.2810413e-07,2.290623e-06,2.5208653e-06,2.8512363e-07,2.9257907e-07,5.133251e-06,5.115376e-07,1.133239e-06,1.143688e-06,4.2311914e-08,2.0009925e-06,1.6336165e-07,1.0917419e-07,1.4821291e-05,9.0005517e-07,1.0364137e-06,3.434095e-07,1.5672147e-07,6.1808055e-07
200,0.99888927,9.4830943e-07,1.2311106e-06,9.28542e-06,8.082259e-06,1.6167187e-06,2.2459983e-06,1.9632786e-05,7.1980326e-06,1.1719159e-05,4.927284e-06,9.8852965e-08,0.00010863384,1.0768056e-06,9.719856e-07,0.00091398763,4.9714076e-06,1.60233e-06,1.555142e-06,1.0221675e-06,9.945436e-06
201,0.9999727,4.5852866e-07,9.466975e-08,1.6065068e-06,1.3469441e-06,2.1787201e-07,2.4018982e-07,4.131546e-06,5.508922e-07,8.862865e-07,8.373884e-07,3.009521e-08,1.4813954e-06,1.0311961e-07,7.317173e-08,1.3035105e-05,7.156609e-07,7.582582e-07,2.1651923e-07,8.9308145e-08,5.235647e-07
202,0.99984,5.932312e-07,6.1138513e-07,5.1516627e-06,1.292544e-05,5.752937e-07,9.0057654e-07,7.401801e-06,6.0843063e-06,2.9928947e-06,3.0417546e-06,9.6730936e-08,2.0157804e-05,5.608513e-07,2.3562029e-07,8.872251e-05,2.6673738e-06,2.3777116e-06,3.4931352e-07,3.4815878e-07,4.1948233e-06
203,0.98732126,1.2118855e-05,8.91179e-06,0.00014646674,8.206032e-05,1.2620186e-05,2.3979777e-05,0.00018996297,9.592698e-05,9.511705e-05,8.014388e-05,1.4056235e-06,0.0013564749,2.3110115e-05,8.7558465e-06,0.010391399,3.8755195e-05,2.0417354e-05,1.729673e-05,1.1100384e-05,6.2935236e-05
204,0.98847383,9.697205e-06,7.74366e-06,7.6322445e-05,9.831562e-05,9.7877e-06,2.7972024e-05,0.00029682857,0.00011007877,0.000118346,7.449602e-05,1.7006981e-06,0.0015939774,1.8094854e-05,8.091477e-06,0.008939234,2.7679487e-05,2.1961965e-05,2.3219874e-05,1.3211034e-05,4.9660084e-05
205,0.9997981,1.3773906e-07,2.50088e-07,1.2059439e-06,8.5088805e-06,3.1585367e-07,3.8613965e-07,4.5916463e-06,1.3260299e-06,1.9577892e-06,2.8353757e-06,5.165432e-08,1.8965891e-05,5.0044486e-07,1.299898e-07,0.00015727275,8.531035e-07,9.487939e-07,3.0863552e-07,3.457668e-07,1.0265526e-06
206,0.9981046,2.5948825e-06,2.5022612e-06,1.6231665e-05,2.6480451e-05,2.3691157e-06,5.896563e-06,4.684035e-05,1.8190376e-05,3.0344872e-05,1.4607934e-05,3.0754822e-07,0.00023656932,3.5809514e-06,1.6657799e-06,0.0014493493,7.988792e-06,4.2163388e-06,4.227552e-06,3.1378531e-06,1.8211258e-05
207,0.99864894,1.6460867e-06,1.6219394e-06,1.1510398e-05,1.7925458e-05,1.7002255e-06,3.1695067e-06,3.4307803e-05,1.1225995e-05,2.4602254e-05,9.838382e-06,2.0535279e-07,0.00018559628,1.90379e-06,1.1788736e-06,0.001017741,5.527159e-06,3.0353765e-06,3.43764e-06,2.01592e-06,1.27396215e-05
208,0.99988353,1.5112646e-07,3.2397935e-07,1.4359773e-06,4.5081274e-06,3.3447816e-07,3.8959175e-07,4.621346e-06,1.499765e-06,1.7448439e-06,6.361151e-07,3.6542204e-08,9.923336e-06,1.5887507e-07,1.3445542e-07,8.651495e-05,1.4300584e-06,4.140259e-07,2.4664658e-07,1.2523675e-07,1.8893286e-06
209,0.99996567,8.023309e-07,1.2810413e-07,2.290623e-06,2.5208653e-06,2.8512363e-07,2.9257907e-07,5.133251e-06,5.115376e-07,1.133239e-06,1.143688e-06,4.2311914e-08,2.0009925e-06,1.6336165e-07,1.0917419e-07,1.4821291e-05,9.0005517e-07,1.0364137e-06,3.434095e-07,1.5672147e-07,6.1808055e-07
210,0.99986255,3.1188512e-07,3.3577413e-07,2.1488245e-06,5.5844057e-06,4.4386735e-07,4.641777e-07,7.1608765e-06,1.8024576e-06,2.42808e-06,1.0097862e-06,3.0975666e-08,1.1584064e-05,2.3667259e-07,2.0184035e-07,9.9074074e-05,1.3192193e-06,5.128682e-07,3.4305825e-07,3.0035255e-07,2.1905792e-06
211,0.99984455,1.3845165e-07,1.9349217e-07,1.4055439e-06,5.387749e-06,2.6818034e-07,2.5513873e-07,3.452891e-06,1.1211798e-06,1.9434833e-06,1.8051552e-06,3.6059244e-08,1.8217273e-05,2.7666798e-07,1.3403144e-07,0.00011758071,1.1490876e-06,6.774976e-07,3.0534358e-07,2.4212508e-07,9.4152057e-07
212,0.9760467,2.6232006e-05,2.1579941e-05,0.000168693,0.00024667536,2.1529639e-05,7.6528115e-05,0.0006917947,0.00021328172,0.00023429217,0.00018071834,4.0030154e-06,0.0034459713,5.042618e-05,1.9618314e-05,0.018247686,5.6419354e-05,4.5237357e-05,5.0835784e-05,3.2942215e-05,0.00011889338
213,0.9999944,1.4419203e-07,3.884123e-08,4.2590761e-07,1.5158271e-06,4.7727987e-08,2.812422e-08,3.549098e-07,1.6351257e-07,4.8712735e-07,8.129387e-08,1.6804696e-08,2.2667311e-07,2.005972e-08,1.3538439e-08,9.920514e-07,5.747595e-07,2.0767136e-07,5.097118e-08,1.40614596e-08,3.2333648e-07
214,0.9999442,2.0965362e-07,1.7018536e-07,1.3050139e-06,5.4847123e-06,2.850805e-07,3.2755415e-07,4.1852145e-06,1.0371052e-06,1.251748e-06,6.511825e-07,2.9739773e-08,5.3064123e-06,1.379497e-07,9.052287e-08,3.150142e-05,1.730621e-06,4.2097508e-07,2.6142027e-07,1.8219437e-07,1.0989833e-06
215,0.99577326,3.8005844e-06,3.8873004e-06,4.2846914e-05,3.101147e-05,5.5846385e-06,9.43706e-06,9.197915e-05,4.809301e-05,4.7154488e-05,2.3987377e-05,4.6313357e-07,0.0004309716,4.945663e-06,3.3478202e-06,0.0034152523,1.31616225e-05,7.368363e-06,7.3036626e-06,3.835196e-06,3.2298933e-05
216,0.9998901,2.237028e-07,2.8144427e-07,1.6203107e-06,4.479576e-06,3.6421702e-07,3.0849733e-07,4.5571287e-06,1.4800969e-06,2.1144e-06,7.963709e-07,2.5866797e-08,1.0641555e-05,1.8258439e-07,1.5152258e-07,7.86258e-05,1.0877347e-06,4.419442e-07,2.7289417e-07,2.1463775e-07,1.9149602e-06
217,0.9983973,1.5814627e-06,1.6668326e-06,1.05688505e-05,1.7740356e-05,1.8279064e-06,4.179242e-06,4.5269364e-05,1.1924791e-05,2.1079471e-05,9.379167e-06,1.9383293e-07,0.00017913108,1.8496823e-06,1.1911236e-06,0.0012693861,5.334592e-06,2.9570895e-06,3.0230779e-06,1.8494547e-06,1.2672729e-05
218,0.9956762,7.818531e-06,5.675142e-06,3.3345026e-05,9.0526795e-05,5.3997514e-06,2.2565942e-05,0.00026751825,5.333863e-05,5.909056e-05,4.305367e-05,9.4781643e-07,0.0007139768,9.2275695e-06,5.683038e-06,0.0029076363,1.5759624e-05,1.1547087e-05,1.51068325e-05,1.1151835e-05,4.4346605e-05
219,0.973765,3.5167173e-05,3.0662126e-05,0.000257379,0.00030796768,3.1517553e-05,9.686355e-05,0.0007446318,0.00038127127,0.00031421706,0.00022340861,5.660089e-06,0.0048659868,6.724456e-05,2.4853854e-05,0.018411087,8.246411e-05,6.0814327e-05,6.506418e-05,4.3405416e-05,0.00018514514
220,0.9942821,4.963115e-06,4.827687e-06,3.719352e-05,5.4329666e-05,6.3688894e-06,1.5864362e-05,0.00018557077,5.450606e-05,6.118839e-05,3.560401e-05,7.4002577e-07,0.00074917724,8.8532115e-06,4.682752e-06,0.0044131223,1.4843233e-05,1.1178336e-05,1.1383219e-05,6.950941e-06,3.6364243e-05
221,0.98627883,1.6053196e-05,1.3880593e-05,0.00015119441,0.000105559375,1.4280363e-05,3.9412997e-05,0.00032516406,0.00015309852,0.00016954963,9.8253e-05,1.9564984e-06,0.0016962745,2.618475e-05,1.1854316e-05,0.010697963,4.068908e-05,2.4404288e-05,3.0021794e-05,1.6160659e-05,8.92779e-05
222,0.9914647,8.866422e-06,8.436325e-06,7.2683826e-05,7.8541176e-05,9.750796e-06,2.6567335e-05,0.00023523142,8.911806e-05,0.00010231506,4.8932146e-05,1.0990882e-06,0.0010075241,1.3896063e-05,7.015423e-06,0.006693331,2.8618706e-05,1.2524604e-05,1.7947104e-05,9.923239e-06,6.308987e-05
223,0.99991095,2.645311e-07,5.5342997e-07,2.0174111e-06,2.006881e-05,3.7011097e-07,3.8886708e-07,3.3660688e-06,3.2253145e-06,2.1591109e-06,1.1520377e-06,1.6011089e-07,7.958337e-06,4.607068e-07,1.3317808e-07,3.8338596e-05,3.3333538e-06,1.8424264e-06,2.9508496e-07,2.1965208e-07,2.8274433e-06
224,0.9998517,3.604302e-07,3.4880463e-07,2.475192e-06,7.36537e-06,3.6779815e-07,4.348099e-07,6.285525e-06,1.7264965e-06,4.514016e-06,1.2429347e-06,6.303931e-08,2.2551338e-05,2.1440263e-07,2.0254932e-07,9.447536e-05,1.8342442e-06,5.812205e-07,4.773864e-07,2.4874677e-07,2.4333158e-06
225,0.99988735,2.957319e-07,3.1247694e-07,1.7765722e-06,6.3977186e-06,3.0047175e-07,3.4026877e-07,4.5419215e-06,1.1035228e-06,3.7119503e-06,8.401469e-07,5.3831766e-08,1.5060176e-05,1.3482266e-07,1.6046617e-07,7.280414e-05,1.7806108e-06,3.902142e-07,3.7336054e-07,1.8954421e-07,2.1038989e-06
226,0.9999652,5.983069e-07,1.14930245e-07,2.0302593e-06,2.983491e-06,2.726618e-07,2.5204181e-07,4.3292953e-06,4.745027e-07,1.1695257e-06,9.3446226e-07,3.7394e-08,2.305142e-06,1.4249628e-07,9.820263e-08,1.6278073e-05,9.205856e-07,8.7394596e-07,3.238365e-07,1.5493262e-07,5.6275553e-07
227,0.9887617,1.3425367e-05,9.4293e-06,0.00013081374,9.162261e-05,1.2854889e-05,2.4638382e-05,0.00022333508,0.00012578338,0.00015348979,7.9806974e-05,1.580974e-06,0.00153483,1.6707389e-05,8.430972e-06,0.008626879,3.822963e-05,2.1993286e-05,2.5371131e-05,1.4223286e-05,8.4864194e-05
228,0.9963864,2.343477e-06,2.066676e-06,4.1522253e-05,1.3169677e-05,3.9520296e-06,4.1854355e-06,2.8076263e-05,1.4941981e-05,1.9660616e-05,1.0378772e-05,2.0270282e-07,0.00024955344,3.5372457e-06,2.0226844e-06,0.0031828082,8.354868e-06,3.707249e-06,2.99491e-06,1.8868367e-06,1.8262797e-05
229,0.99399865,4.4562066e-06,4.012371e-06,3.683794e-05,4.024924e-05,5.1152388e-06,1.3079309e-05,0.00014258304,4.5199442e-05,5.775608e-05,3.4436423e-05,5.934485e-07,0.00067771977,7.473525e-06,4.095865e-06,0.004861097,1.30462595e-05,9.495502e-06,9.319527e-06,6.3746556e-06,2.8483639e-05
230,0.9958528,3.49389e-06,2.6351393e-06,4.4498396e-05,2.0700782e-05,4.1294898e-06,6.3339826e-06,3.8983904e-05,1.7538345e-05,2.713549e-05,1.4771062e-05,2.970268e-07,0.00032921406,4.979885e-06,2.6993182e-06,0.0035802147,1.215906e-05,4.851573e-06,4.547306e-06,2.9840428e-06,2.513208e-05
231,0.9999939,8.550272e-08,3.837054e-08,4.685741e-07,1.9965125e-06,4.8977174e-08,2.6741878e-08,3.0779026e-07,1.9580168e-07,3.0134066e-07,6.883833e-08,1.1066135e-08,3.05349e-07,1.7847226e-08,1.0336986e-08,1.1109129e-06,6.150351e-07,1.5791476e-07,3.4599434e-08,1.3077574e-08,2.9780745e-07
232,0.9998921,4.5774982e-07,4.9302014e-07,1.7854127e-06,2.5601468e-05,3.6282756e-07,4.1611437e-07,3.824506e-06,5.1222864e-06,2.3401158e-06,1.7703362e-06,2.5937064e-07,9.884752e-06,7.5951056e-07,1.3001045e-07,4.0507388e-05,3.7809625e-06,5.2224923e-06,4.7554576e-07,2.8358113e-07,4.381487e-06
233,0.98578644,1.3362253e-05,1.0004602e-05,0.00013961084,8.843925e-05,1.2722572e-05,3.5770874e-05,0.00030560364,0.000112253874,0.00013030524,9.351859e-05,1.5451035e-06,0.001537313,2.3579558e-05,1.0057206e-05,0.01153032,3.5293662e-05,2.3889314e-05,2.471548e-05,1.4640085e-05,7.046219e-05
234,0.99742955,1.8497884e-06,1.5689133e-06,2.8838424e-05,1.1161973e-05,2.8667632e-06,2.9477362e-06,1.7589227e-05,9.0790345e-06,1.8112576e-05,6.376286e-06,1.6279853e-07,0.00016694547,2.063242e-06,1.4324133e-06,0.0022723004,7.474295e-06,2.2173679e-06,2.436127e-06,1.4724232e-06,1.35981645e-05
235,0.99994016,2.1163873e-07,1.6002548e-07,2.319785e-06,4.4415488e-06,2.1661484e-07,1.7648138e-07,1.9242648e-06,1.0970563e-06,1.7797031e-06,4.618944e-07,2.8300859e-08,8.139675e-06,7.555494e-08,5.988619e-08,3.604449e-05,1.0231657e-06,3.060947e-07,1.3634939e-07,6.976289e-08,1.2288884e-06
236,0.99991894,7.2326986e-07,2.5985346e-07,2.7704857e-06,3.5985731e-06,4.5212448e-07,5.6623406e-07,7.817976e-06,2.0046216e-06,2.210244e-06,1.1959439e-06,6.0377154e-08,3.451811e-06,1.8517095e-07,1.679216e-07,5.053053e-05,1.7297589e-06,8.507812e-07,4.3280443e-07,1.7657797e-07,1.7110941e-06
237,0.99886155,1.0459624e-06,1.3637266e-06,7.0614956e-06,1.4848761e-05,1.4749563e-06,3.2105377e-06,3.750216e-05,7.833452e-06,1.458036e-05,7.0403275e-06,1.5903191e-07,0.00013667537,1.4322349e-06,1.0213167e-06,0.00088380487,4.2306892e-06,2.1976828e-06,2.1336898e-06,1.5223368e-06,9.404607e-06
238,0.9782054,1.9957792e-05,1.4348884e-05,0.00015520873,0.00017370524,1.8189081e-05,5.9648857e-05,0.0005681254,0.0001829582,0.00019465643,0.00014930578,3.3404003e-06,0.0026288547,4.0082225e-05,1.6898686e-05,0.017325062,5.1691837e-05,3.672029e-05,4.313951e-05,2.7101238e-05,8.5642096e-05
239,0.99972826,4.045612e-07,8.1075177e-07,3.7043405e-06,1.180646e-05,7.106306e-07,7.8762554e-07,1.0626711e-05,3.16653e-06,5.953914e-06,2.4866729e-06,8.5272376e-08,3.433634e-05,5.9106094e-07,4.135848e-07,0.00018523993,3.2591047e-06,1.6405338e-06,6.2559656e-07,5.1702585e-07,4.6299274e-06
240,0.99982697,4.1349978e-07,3.7948854e-07,2.6187054e-06,3.4863685e-06,3.9312383e-07,6.3893594e-07,5.7828656e-06,1.2590573e-06,3.1241655e-06,9.740287e-07,3.43198e-08,1.9427865e-05,1.8961646e-07,2.5938093e-07,0.00012831691,2.1562219e-06,4.769513e-07,5.143345e-07,2.8906305e-07,2.549794e-06
241,0.9964928,4.226989e-06,3.4946054e-06,3.14564e-05,3.4465036e-05,4.0223736e-06,9.191468e-06,8.690188e-05,2.6460262e-05,3.9577568e-05,2.5580532e-05,4.9045457e-07,0.00042251838,5.6795793e-06,3.3429947e-06,0.002751857,1.1339909e-05,6.5049417e-06,6.9650005e-06,5.159021e-06,2.8027547e-05
242,0.98391956,2.379006e-05,2.0976142e-05,0.00011314955,0.0002467878,1.572253e-05,7.1816474e-05,0.0007741414,0.0001841063,0.00018423752,0.00016401902,3.4674842e-06,0.0031803015,4.3761203e-05,1.8149027e-05,0.010747874,4.4407847e-05,5.3253603e-05,4.3790307e-05,3.4507873e-05,0.00011215792
243,0.9989839,1.1495162e-06,1.4732811e-06,7.3672704e-06,1.4565746e-05,1.6006612e-06,3.2186417e-06,3.4742607e-05,7.788315e-06,1.36195895e-05,6.8322597e-06,1.4983162e-07,0.00012567606,1.4631927e-06,1.1401095e-06,0.00077500613,4.8968654e-06,2.1899864e-06,2.050147e-06,1.574681e-06,9.93794e-06
244,0.99986625,2.2323563e-07,2.3111289e-07,1.6122415e-06,8.314622e-06,2.6943616e-07,3.476719e-07,4.7852536e-06,1.2568992e-06,2.0614707e-06,1.8373418e-06,4.1163624e-08,1.6078142e-05,3.0533596e-07,1.2914062e-07,9.2622715e-05,1.075451e-06,6.944137e-07,3.361634e-07,2.7602462e-07,1.2255382e-06
245,0.99933416,1.0385039e-06,1.0577834e-06,7.744989e-06,6.6036987e-06,1.4532086e-06,2.1590533e-06,1.4592366e-05,4.7257877e-06,9.709669e-06,3.6130352e-06,7.965125e-08,7.5362215e-05,8.772419e-07,7.330791e-07,0.00052006677,3.998972e-06,1.217044e-06,1.1270984e-06,8.9555715e-07,8.705832e-06
246,0.9998894,2.85729e-07,2.8911995e-07,2.805794e-06,5.7376083e-06,3.4434746e-07,3.422714e-07,4.6872783e-06,2.0516472e-06,3.0704468e-06,9.0095523e-07,4.2258684e-08,1.91366e-05,1.6072394e-07,1.255144e-07,6.590116e-05,1.4098989e-06,5.572768e-07,2.7806436e-07,1.3175202e-07,2.3635223e-06
247,0.9999088,1.7792595e-07,3.0199965e-07,1.6329467e-06,5.7763277e-06,3.4352036e-07,2.9939412e-07,3.5653468e-06,1.2591255e-06,1.8754994e-06,6.978071e-07,2.9643296e-08,7.86588e-06,1.6524498e-07,1.1531822e-07,6.309653e-05,1.3113389e-06,4.428e-07,2.1193931e-07,1.6417181e-07,1.7813777e-06
248,0.97315335,2.5682033e-05,1.8815128e-05,0.00022412332,0.00017855431,2.0636879e-05,7.148834e-05,0.0005491637,0.00024692083,0.00023831856,0.00019156282,3.5943524e-06,0.0032584243,5.1025214e-05,1.9313129e-05,0.021448437,6.665543e-05,4.6619694e-05,4.8681446e-05,3.0150302e-05,0.00010859508
249,0.9948986,4.6565847e-06,4.076112e-06,3.5438454e-05,4.528633e-05,5.481123e-06,1.264037e-05,0.00013530526,4.487353e-05,5.3653243e-05,3.082519e-05,6.242854e-07,0.0005719793,6.990008e-06,3.8029066e-06,0.0040763244,1.2992967e-05,8.789729e-06,9.427709e-06,6.329272e-06,3.201708e-05
250,0.9999728,2.292192e-07,1.7086334e-07,1.3640334e-06,6.20991e-06,2.0021244e-07,1.7903918e-07,1.799369e-06,5.4245857e-07,9.4713255e-07,4.4985296e-07,3.6285833e-08,2.0252448e-06,1.05421975e-07,5.5215335e-08,9.613961e-06,1.5591706e-06,4.6065972e-07,1.3674281e-07,1.17870684e-07,9.76948e-07
251,0.9999386,2.2280236e-07,1.4509202e-07,1.0726556e-06,4.317355e-06,1.8417772e-07,1.6487448e-07,2.0738557e-06,5.382829e-07,2.063097e-06,4.981827e-07,2.8820438e-08,7.698022e-06,8.76896e-08,8.411661e-08,3.9561743e-05,1.241699e-06,2.461486e-07,2.1591285e-07,1.2391173e-07,8.603229e-07
252,0.9999671,2.770832e-07,2.355862e-07,1.7266447e-06,4.5886572e-06,2.0873412e-07,1.9914984e-07,2.3408559e-06,7.890182e-07,1.440738e-06,3.0584852e-07,2.437631e-08,3.7325485e-06,9.120415e-08,9.590325e-08,1.28171405e-05,1.7645323e-06,3.3923797e-07,2.0577275e-07,1.1106675e-07,1.4617762e-06
253,0.9997923,5.3304495e-07,5.564622e-07,3.3361762e-06,1.16775955e-05,4.6762568e-07,8.9898737e-07,8.7687395e-06,3.2022222e-06,2.5924003e-06,5.042701e-06,8.9068685e-08,2.5669538e-05,8.727546e-07,2.4468662e-07,0.00013674272,1.2824381e-06,2.6674318e-06,3.1942326e-07,4.2578336e-07,2.2652196e-06
254,0.9998658,7.442121e-07,5.115368e-07,1.5012251e-06,1.5211702e-05,3.474934e-07,6.320613e-07,9.026432e-06,7.910881e-06,3.342087e-06,2.920853e-06,3.1214051e-07,1.9090196e-05,9.280348e-07,2.4214313e-07,5.066565e-05,4.237848e-06,9.535341e-06,8.520416e-07,3.7369264e-07,5.7405764e-06
255,0.9897601,1.3040789e-05,1.2216422e-05,8.5241634e-05,0.00011609956,1.1913132e-05,2.6610081e-05,0.0002544433,0.00012710734,0.00014294605,7.146836e-05,1.7617963e-06,0.0017694798,1.7920502e-05,9.585349e-06,0.0074104085,2.8651004e-05,2.0829602e-05,2.5905858e-05,1.3625309e-05,8.031802e-05
256,0.9994382,6.505887e-07,7.9281097e-07,5.8423966e-06,6.8115633e-06,9.214484e-07,1.3430183e-06,1.3790173e-05,5.555117e-06,1.11859035e-05,3.144039e-06,7.672526e-08,6.897218e-05,6.7935184e-07,5.502351e-07,0.00042745357,3.3938609e-06,1.1472981e-06,1.2550104e-06,6.471549e-07,7.424399e-06
257,0.9987295,3.2123123e-06,1.7387213e-06,1.404048e-05,2.3332423e-05,1.7187023e-06,6.851775e-06,3.822667e-05,1.2611734e-05,1.8849061e-05,9.543844e-06,2.656752e-07,0.0001430592,2.8647917e-06,1.5296225e-06,0.0009593761,8.041575e-06,2.626738e-06,3.2485386e-06,2.884338e-06,1.648156e-05
258,0.99987125,3.9074754e-07,4.719855e-07,2.8412405e-06,6.730827e-06,5.034625e-07,7.702869e-07,9.2555765e-06,2.8347395e-06,1.8003001e-06,3.9675315e-06,6.661927e-08,1.4715856e-05,4.5608837e-07,2.1837369e-07,7.6149e-05,1.5051068e-06,2.7635958e-06,2.8709087e-07,3.3074568e-07,2.787737e-06
259,0.9999007,2.9999617e-07,1.9437435e-07,2.3681362e-06,4.451648e-06,2.2986814e-07,2.5130532e-07,2.7104788e-06,1.0465544e-06,2.4088215e-06,9.1800666e-07,2.4822276e-08,1.2607465e-05,1.4763125e-07,1.0043257e-07,6.833037e-05,1.1606618e-06,4.5195503e-07,2.2042079e-07,1.3534478e-07,1.1152101e-06
260,0.9958507,6.340908e-06,4.8429038e-06,3.0580057e-05,7.1415605e-05,5.2382907e-06,1.9695242e-05,0.00020379192,4.8850765e-05,5.7725843e-05,3.649024e-05,8.135487e-07,0.0005583928,8.220125e-06,4.208627e-06,0.00300867,1.3348968e-05,1.0133292e-05,1.1908606e-05,9.129505e-06,3.9592294e-05
261,0.9997429,5.012684e-07,6.619331e-07,3.8824687e-06,8.7262715e-06,5.717649e-07,9.3751135e-07,1.1079708e-05,3.4771572e-06,6.164834e-06,1.8891692e-06,8.610142e-08,4.418834e-05,3.5951288e-07,3.099041e-07,0.00016430412,2.7732203e-06,1.0198673e-06,7.3107174e-07,3.5867316e-07,4.7969306e-06
262,0.9998337,1.08629536e-07,1.6920936e-07,1.1212393e-06,3.3014164e-06,2.3650172e-07,2.0747272e-07,2.7161243e-06,9.520837e-07,2.7222418e-06,1.435098e-06,2.8396844e-08,1.7187174e-05,2.3022261e-07,1.15354e-07,0.00013246338,1.3520537e-06,5.012819e-07,3.1177203e-07,1.9481134e-07,9.795725e-07
263,0.999876,3.132982e-07,2.2520571e-07,3.193728e-06,3.7518435e-06,2.3845564e-07,2.5220328e-07,3.362066e-06,1.4013467e-06,3.3162107e-06,1.136151e-06,2.604381e-08,1.625083e-05,1.9341948e-07,1.0920439e-07,8.688224e-05,9.2324035e-07,5.8275594e-07,2.509947e-07,1.1851583e-07,1.283375e-06
264,0.9998331,3.4699488e-07,3.4663276e-07,2.4164563e-06,7.567131e-06,3.5469253e-07,5.213553e-07,6.5100558e-06,2.0903913e-06,3.2460457e-06,1.8688407e-06,4.9641223e-08,2.2834964e-05,2.985247e-07,1.7604076e-07,0.000113354276,1.3842388e-06,8.298271e-07,4.005173e-07,2.826208e-07,2.0069074e-06
265,0.9999093,6.364926e-07,3.5181313e-07,2.609801e-06,7.286474e-06,4.797113e-07,6.711901e-07,1.0202165e-05,5.5613987e-06,4.1352337e-06,1.2673048e-06,9.21673e-08,5.4529414e-06,2.4407294e-07,2.2441479e-07,4.166131e-05,3.1710535e-06,1.0033306e-06,5.3384707e-07,2.6626873e-07,4.679461e-06
266,0.99947053,8.290216e-07,8.9312294e-07,5.80095e-06,9.2026585e-06,8.077001e-07,1.0868067e-06,1.1489268e-05,6.10056e-06,1.3370316e-05,3.2141406e-06,1.0400526e-07,6.7759895e-05,6.861389e-07,5.3047813e-07,0.00039465408,3.7835696e-06,1.1739063e-06,1.3963368e-06,6.402243e-07,6.1125975e-06
267,0.9999676,3.422802e-07,3.9027864e-07,2.7834626e-06,6.1944456e-06,2.8643507e-07,1.629372e-07,1.9804568e-06,8.8157145e-07,1.8188707e-06,1.8949416e-07,2.8464203e-08,2.2610063e-06,1.0175455e-07,1.2019933e-07,1.01421565e-05,2.7844346e-06,2.8304345e-07,1.6877829e-07,1.1918763e-07,1.6466043e-06
268,0.996482,5.0484336e-06,4.3527275e-06,2.7044016e-05,5.392669e-05,4.1938374e-06,1.7498487e-05,0.00017255009,3.561635e-05,4.7582238e-05,2.8074111e-05,6.366934e-07,0.00045994364,6.2584845e-06,3.9027796e-06,0.0025790008,1.2762036e-05,7.3390493e-06,1.0311453e-05,7.0571477e-06,3.4748293e-05
269,0.9878963,1.2569564e-05,9.572402e-06,7.676805e-05,0.00012345382,1.114847e-05,4.1705123e-05,0.0004452848,0.00010615837,0.00012025121,8.7604334e-05,1.913354e-06,0.001480297,2.2736394e-05,1.0106606e-05,0.009386114,3.2230695e-05,2.4512172e-05,2.673313e-05,1.8092096e-05,6.639116e-05
270,0.99885476,1.5573664e-06,1.9616527e-06,1.1680628e-05,1.7326944e-05,1.7540459e-06,2.5080112e-06,2.4440455e-05,1.2522417e-05,2.4520064e-05,6.5916174e-06,1.9605969e-07,0.00014831315,1.6162744e-06,1.1598424e-06,0.00086310756,6.8311097e-06,2.2814304e-06,2.7666745e-06,1.3712422e-06,1.2651494e-05
271,0.99997735,1.9889072e-07,1.04271976e-07,7.324688e-07,4.4245025e-06,1.178484e-07,6.959179e-08,8.2832577e-07,1.3596407e-06,1.0143925e-06,4.3613872e-07,1.0005518e-07,1.7012635e-06,1.05173e-07,3.216393e-08,5.12115e-06,1.9411925e-06,2.0992259e-06,1.7899987e-07,5.2193073e-08,1.92336e-06
272,0.99981457,1.5788908e-06,5.822901e-07,5.1949364e-06,5.9484687e-06,7.8349194e-07,1.4268388e-06,2.095311e-05,3.7298548e-06,3.7768134e-06,3.5331614e-06,1.03535264e-07,1.0034438e-05,4.9666033e-07,4.8018484e-07,0.00011810052,2.327353e-06,2.2526265e-06,6.8273033e-07,4.4959006e-07,2.7891692e-06
273,0.99988997,1.5941413e-07,2.6846124e-07,1.4540071e-06,4.0548402e-06,3.1621303e-07,3.1516774e-07,3.7367874e-06,1.4889494e-06,1.7668075e-06,6.0940494e-07,2.783621e-08,9.861352e-06,1.5887973e-07,1.1252473e-07,8.201129e-05,1.1742658e-06,4.1092412e-07,2.3502743e-07,1.2751755e-07,1.9120641e-06
274,0.99978715,3.425018e-07,5.449897e-07,2.7786907e-06,8.511474e-06,4.6076175e-07,9.834731e-07,9.771966e-06,3.462116e-06,3.3679796e-06,1.1730672e-06,6.246648e-08,2.1392438e-05,3.507411e-07,2.2182755e-07,0.00015171831,1.9866895e-06,9.013985e-07,4.806551e-07,2.7370922e-07,4.0543655e-06
275,0.9909888,1.5637994e-05,1.4171417e-05,9.7944336e-05,0.00014138134,1.3428517e-05,4.2849268e-05,0.00038198766,0.00013254015,0.000113845614,8.457093e-05,2.0486875e-06,0.0019479623,2.2072147e-05,1.1548805e-05,0.005784869,3.623685e-05,2.5010946e-05,2.6945765e-05,1.9505685e-05,9.6692056e-05
276,0.9928867,7.1393947e-06,6.2718377e-06,5.7777033e-05,6.4084e-05,7.3232686e-06,1.8083463e-05,0.00018916448,8.205799e-05,6.777805e-05,4.6255314e-05,9.5333e-07,0.00086137996,9.689429e-06,5.5367727e-06,0.0055941506,1.7326432e-05,1.3099835e-05,1.42763865e-05,7.5206085e-06,4.3346972e-05
277,0.9998004,2.8872006e-07,4.881758e-07,2.0595094e-06,9.734146e-06,4.7323607e-07,8.2296316e-07,8.967301e-06,2.392194e-06,2.0570794e-06,5.796886e-06,7.6139486e-08,2.156651e-05,9.0934185e-07,2.0353765e-07,0.00013709221,1.0809767e-06,2.8577508e-06,3.057001e-07,4.5049785e-07,1.964094e-06
278,0.9998654,3.2625982e-07,3.058498e-07,2.7895055e-06,3.4450622e-06,4.9802514e-07,5.4891694e-07,8.4378635e-06,2.3909515e-06,2.6332139e-06,1.2892485e-06,3.835288e-08,1.069653e-05,1.7589507e-07,2.0997223e-07,9.505661e-05,1.4199964e-06,7.9130626e-07,3.9411498e-07,2.0862454e-07,2.9093146e-06
279,0.99988043,2.0917514e-07,3.2431993e-07,1.5910529e-06,5.065303e-06,3.6774105e-07,3.556547e-07,4.6482987e-06,1.4801828e-06,2.1173016e-06,8.675743e-07,2.8829371e-08,1.05526005e-05,2.0417512e-07,1.5188614e-07,8.751739e-05,1.157074e-06,4.8292657e-07,2.678209e-07,2.2727843e-07,2.0129735e-06
280,0.99510056,4.9154305e-06,6.9823914e-06,3.840305e-05,5.4397155e-05,6.2719237e-06,1.4317159e-05,0.00014951537,6.0545844e-05,8.6089036e-05,2.6684887e-05,8.088897e-07,0.0009295169,6.276202e-06,4.197119e-06,0.0034158826,1.5326415e-05,9.074713e-06,1.251915e-05,5.2916935e-06,5.2290135e-05
281,0.9926644,1.0272027e-05,7.61748e-06,4.715652e-05,0.00010831368,6.942127e-06,3.0243586e-05,0.00035855273,6.816395e-05,8.512014e-05,6.373617e-05,1.427641e-06,0.0010773287,1.5561072e-05,8.5914935e-06,0.0053158784,2.183855e-05,1.6677568e-05,2.2029573e-05,1.6284257e-05,5.359845e-05
282,0.9856991,1.7568038e-05,1.7985938e-05,9.8935125e-05,0.00019181799,1.4322829e-05,5.558608e-05,0.0006066594,0.000146037,0.00016302048,0.00013663349,2.69242e-06,0.0029068766,3.580832e-05,1.547089e-05,0.009656085,3.649118e-05,4.1785785e-05,3.5602956e-05,2.6302496e-05,9.5053554e-05
283,0.99061066,7.756975e-06,6.0222073e-06,7.869206e-05,5.788047e-05,8.366837e-06,2.029431e-05,0.00019483754,8.732625e-05,0.000101764126,5.668312e-05,9.535942e-07,0.0013058644,1.2272491e-05,5.9782433e-06,0.007333907,2.2665301e-05,1.4282739e-05,1.777041e-05,8.20583e-06,4.79883e-05
284,0.9994773,5.3223454e-07,6.07638e-07,3.917984e-06,5.156944e-06,8.8227694e-07,1.559122e-06,1.4591964e-05,3.7230716e-06,6.165941e-06,2.6518549e-06,5.006143e-08,5.2126274e-05,5.5226116e-07,4.384669e-07,0.00042007188,2.4402113e-06,9.597451e-07,8.308492e-07,5.7353935e-07,5.1106e-06
285,0.9997104,1.5406029e-06,8.691102e-07,8.259566e-06,9.58151e-06,1.1994349e-06,1.6762765e-06,1.895998e-05,1.0780449e-05,7.1070303e-06,4.061248e-06,1.422402e-07,1.8497896e-05,7.1022095e-07,6.253933e-07,0.00018973883,3.9402435e-06,2.2692827e-06,1.045634e-06,6.77379e-07,8.107053e-06
286,0.9997782,5.275131e-07,4.5182253e-07,3.6719618e-06,9.592364e-06,4.1203222e-07,6.380055e-07,8.09653e-06,2.5425745e-06,3.7504856e-06,2.9058888e-06,5.987683e-08,3.1582964e-05,4.6491422e-07,2.4817805e-07,0.00015148825,1.445752e-06,1.2033947e-06,4.3468134e-07,3.375649e-07,2.124216e-06
287,0.9999516,1.5273686e-07,2.336088e-07,1.3874585e-06,6.5134727e-06,2.471586e-07,2.2464785e-07,2.2691872e-06,7.3289783e-07,1.1238972e-06,4.7107096e-07,2.5403828e-08,3.296916e-06,1.2752919e-07,7.17804e-08,2.8499973e-05,1.3169936e-06,3.3484565e-07,1.3320418e-07,1.3395493e-07,1.0672594e-06
288,0.9991373,1.574103e-06,1.4282336e-06,1.0364103e-05,1.2083434e-05,1.5285536e-06,2.9861083e-06,2.282079e-05,7.677482e-06,1.7245893e-05,5.0211293e-06,1.5620431e-07,7.966181e-05,1.3568153e-06,1.0294424e-06,0.0006734693,6.2608565e-06,1.8218238e-06,1.9363163e-06,1.5252277e-06,1.2900143e-05
289,0.99396646,7.20057e-06,7.629822e-06,5.2041312e-05,6.172684e-05,8.0348855e-06,1.4911407e-05,0.00014169316,8.2823266e-05,8.811943e-05,3.2377902e-05,9.4846285e-07,0.001013708,7.95668e-06,4.8465827e-06,0.004407104,1.6321876e-05,1.1851394e-05,1.3541316e-05,6.5647027e-06,5.4122247e-05
290,0.997512,3.5655762e-06,3.1328486e-06,1.8869725e-05,3.6982216e-05,2.857411e-06,6.603096e-06,6.653365e-05,2.3499793e-05,3.7321315e-05,1.7545446e-05,3.8742684e-07,0.00035448605,4.1426943e-06,2.518957e-06,0.0018626371,9.412444e-06,5.1938287e-06,5.8626133e-06,3.7410814e-06,2.2547649e-05
291,0.99995065,1.7778397e-07,1.5158669e-07,1.9472498e-06,4.5048414e-06,1.9555601e-07,1.570149e-07,1.4357834e-06,7.08104e-07,1.7229959e-06,3.492669e-07,2.7781672e-08,6.113889e-06,5.5784028e-08,5.1907055e-08,2.905028e-05,1.447083e-06,2.3530727e-07,1.3211479e-07,7.517423e-08,1.0794969e-06
292,0.9967654,2.7532462e-06,2.901019e-06,1.8718576e-05,3.2929915e-05,3.3842393e-06,8.926934e-06,8.8625566e-05,2.169683e-05,3.3859942e-05,1.9940322e-05,3.714494e-07,0.00034809773,4.397087e-06,2.3784157e-06,0.0026001555,9.58252e-06,5.795068e-06,5.934367e-06,4.151442e-06,2.0017565e-05
293,0.9993104,1.058513e-06,8.0271025e-07,5.96277e-06,1.2260906e-05,8.803823e-07,1.5835672e-06,1.6110771e-05,5.902656e-06,1.2588862e-05,5.16056e-06,1.2720831e-07,7.974052e-05,9.382101e-07,5.9673414e-07,0.00053240743,3.0581018e-06,1.6191366e-06,1.7780734e-06,1.1688e-06,5.895489e-06
294,0.9997886,4.1173365e-07,5.098006e-07,3.5086587e-06,8.784434e-06,4.8137963e-07,9.595661e-07,9.3851095e-06,4.1313765e-06,3.6969234e-06,1.1855277e-06,5.9007625e-08,2.0803236e-05,3.8924094e-07,2.0215154e-07,0.00014872063,1.922568e-06,1.0589165e-06,4.603895e-07,2.793165e-07,4.493308e-06
295,0.9990036,1.5643361e-06,1.1201386e-06,1.0253168e-05,1.5934756e-05,1.3774379e-06,2.145568e-06,1.9506886e-05,1.0308169e-05,1.7090251e-05,7.501005e-06,1.949511e-07,0.0001332511,1.3630258e-06,7.461204e-07,0.0007545452,4.0726986e-06,2.4530136e-06,2.5058716e-06,1.5850388e-06,8.828024e-06
296,0.99995196,3.7893307e-07,2.245117e-07,2.0292164e-06,2.0062178e-06,3.8235007e-07,3.3358165e-07,5.1986094e-06,2.5979625e-06,2.182644e-06,6.626109e-07,3.8253845e-08,1.9632569e-06,1.2505113e-07,1.1125334e-07,2.4857865e-05,2.0965035e-06,4.6595252e-07,2.5552262e-07,8.31658e-08,1.9077363e-06
297,0.9998233,4.839958e-07,5.257274e-07,3.9133606e-06,8.017833e-06,6.283852e-07,8.693724e-07,1.2312134e-05,3.9645834e-06,3.0564402e-06,2.5601155e-06,7.392386e-08,1.785105e-05,3.4961826e-07,2.921708e-07,0.00011375221,2.0386042e-06,1.6347327e-06,5.063794e-07,3.7240494e-07,3.870591e-06
298,0.99996924,2.2398585e-07,1.4746225e-07,1.2752832e-06,5.7145735e-06,2.1751438e-07,2.3926424e-07,2.434484e-06,6.5669315e-07,8.9886095e-07,5.153466e-07,2.8176183e-08,2.2848712e-06,1.10028324e-07,6.2901265e-08,1.2151183e-05,1.9887118e-06,3.5250258e-07,2.0511527e-07,1.7062891e-07,9.951893e-07
299,0.9999019,2.3684223e-07,2.118865e-07,2.369266e-06,2.6667933e-06,4.4104124e-07,3.2859558e-07,6.2724394e-06,1.3648787e-06,1.5404984e-06,6.4284677e-07,2.0228525e-08,5.7681464e-06,1.15827746e-07,1.6932711e-07,7.2686846e-05,1.0765011e-06,3.517092e-07,2.6645296e-07,1.452002e-07,1.5502608e-06
